Number of words,36429
Number of unique words,2660
Average word frequency,13.695113
Entropy,6.890994

Word,Frequency,Proportion,Entropy Term
world,33,0.000906,0.006347
clown,2497,0.068544,0.183718
association,13,0.000357,0.002833
annual,4,0.000110,0.001001
convention,8,0.000220,0.001850
know,91,0.002498,0.014969
creepy,286,0.007851,0.038054
does,12,0.000329,0.002641
misunderstood,4,0.000110,0.001001
art,16,0.000439,0.003395
form,14,0.000384,0.003022
survive,4,0.000110,0.001001
bad,24,0.000659,0.004826
cultural,5,0.000137,0.001221
decline,4,0.000110,0.001001
weve,21,0.000576,0.004300
woman,92,0.002525,0.015106
stands,3,0.000082,0.000774
large,28,0.000769,0.005512
hotel,3,0.000082,0.000774
conference,9,0.000247,0.002052
room,6,0.000165,0.001435
voice,4,0.000110,0.001001
along,15,0.000412,0.003210
without,13,0.000357,0.002833
need,29,0.000796,0.005681
speaks,3,0.000082,0.000774
dozens,12,0.000329,0.002641
participants,11,0.000302,0.002447
fan,3,0.000082,0.000774
sometimes,11,0.000302,0.002447
stuff,7,0.000192,0.001644
everybody,5,0.000137,0.001221
everything,14,0.000384,0.003022
great,10,0.000275,0.002251
big,27,0.000741,0.005342
smile,16,0.000439,0.003395
act,13,0.000357,0.002833
shoulders,3,0.000082,0.000774
following,25,0.000686,0.004999
suit,15,0.000412,0.003210
group,36,0.000988,0.006838
small,12,0.000329,0.002641
dozen,18,0.000494,0.003762
people,469,0.012874,0.056036
members,8,0.000220,0.001850
generation,3,0.000082,0.000774
sitting,4,0.000110,0.001001
hands,17,0.000467,0.003579
necessary,6,0.000165,0.001435
message,36,0.000988,0.006838
notes,3,0.000082,0.000774
candy,14,0.000384,0.003022
makes,16,0.000439,0.003395
mouth,4,0.000110,0.001001
water,5,0.000137,0.001221
fast,10,0.000275,0.002251
happens,4,0.000110,0.001001
youre,20,0.000549,0.004122
march,27,0.000741,0.005342
morning,33,0.000906,0.006347
day,52,0.001427,0.009352
five,17,0.000467,0.003579
suburban,4,0.000110,0.001001
chicago,15,0.000412,0.003210
better,10,0.000275,0.002251
known,13,0.000357,0.002833
priscilla,3,0.000082,0.000774
mooseburger,8,0.000220,0.001850
clowning,38,0.001043,0.007162
shoes,21,0.000576,0.004300
balloon,9,0.000247,0.002052
bring,10,0.000275,0.002251
joy,6,0.000165,0.001435
sick,10,0.000275,0.002251
wholesome,3,0.000082,0.000774
empire,3,0.000082,0.000774
former,9,0.000247,0.002052
ringling,11,0.000302,0.002447
brothers,4,0.000110,0.001001
barnum,7,0.000192,0.001644
bailey,6,0.000165,0.001435
circus,39,0.001071,0.007322
costume,59,0.001620,0.010407
current,22,0.000604,0.004476
listed,3,0.000082,0.000774
linkedin,3,0.000082,0.000774
profile,14,0.000384,0.003022
queen,3,0.000082,0.000774
clowns,68,0.001867,0.011729
shes,11,0.000302,0.002447
running,35,0.000961,0.006675
arts,3,0.000082,0.000774
camp,3,0.000082,0.000774
website,9,0.000247,0.002052
youll,9,0.000247,0.002052
feel,27,0.000741,0.005342
funny,35,0.000961,0.006675
complicated,3,0.000082,0.000774
sex,6,0.000165,0.001435
saturday,12,0.000329,0.002641
bozo,6,0.000165,0.001435
tim,9,0.000247,0.002052
curry,3,0.000082,0.000774
storm,6,0.000165,0.001435
drain,5,0.000137,0.001221
patch,3,0.000082,0.000774
adams,6,0.000165,0.001435
insane,8,0.000220,0.001850
posse,6,0.000165,0.001435
mention,7,0.000192,0.001644
smiling,4,0.000110,0.001001
face,72,0.001976,0.012306
ronald,24,0.000659,0.004826
mcdonald,8,0.000220,0.001850
person,122,0.003349,0.019086
plan,10,0.000275,0.002251
attend,4,0.000110,0.001001
concern,23,0.000631,0.004652
particular,11,0.000302,0.002447
head,12,0.000329,0.002641
later,39,0.001071,0.007322
realize,3,0.000082,0.000774
orange,5,0.000137,0.001221
fact,24,0.000659,0.004826
wig,18,0.000494,0.003762
nature,9,0.000247,0.002052
called,78,0.002141,0.013160
posing,10,0.000275,0.002251
pictures,17,0.000467,0.003579
working,16,0.000439,0.003395
media,164,0.004502,0.024325
part,46,0.001263,0.008428
rally,7,0.000192,0.001644
course,11,0.000302,0.002447
theres,59,0.001620,0.010407
usual,5,0.000137,0.001221
trope,6,0.000165,0.001435
deal,7,0.000192,0.001644
recent,75,0.002059,0.012735
separate,12,0.000329,0.002641
attempts,3,0.000082,0.000774
publicity,6,0.000165,0.001435
donning,3,0.000082,0.000774
garb,4,0.000110,0.001001
standing,34,0.000933,0.006512
sites,3,0.000082,0.000774
year,35,0.000961,0.006675
uk,22,0.000604,0.004476
recently,37,0.001016,0.007000
island,12,0.000329,0.002641
additional,7,0.000192,0.001644
tension,5,0.000137,0.001221
weeks,33,0.000906,0.006347
prior,8,0.000220,0.001850
york,39,0.001071,0.007322
daily,28,0.000769,0.005512
news,110,0.003020,0.017521
report,633,0.017376,0.070420
america,26,0.000714,0.005171
might,34,0.000933,0.006512
facing,11,0.000302,0.002447
shortage,3,0.000082,0.000774
citing,4,0.000110,0.001001
trade,3,0.000082,0.000774
international,4,0.000110,0.001001
article,10,0.000275,0.002251
painted,13,0.000357,0.002833
nonetheless,8,0.000220,0.001850
committed,8,0.000220,0.001850
fight,8,0.000220,0.001850
president,20,0.000549,0.004122
claimed,13,0.000357,0.002833
older,7,0.000192,0.001644
goes,13,0.000357,0.002833
interest,4,0.000110,0.001001
kids,128,0.003514,0.019856
arent,19,0.000522,0.003942
joining,3,0.000082,0.000774
used,22,0.000604,0.004476
despite,15,0.000412,0.003210
sound,7,0.000192,0.001644
species,3,0.000082,0.000774
save,5,0.000137,0.001221
mentioned,9,0.000247,0.002052
jobs,4,0.000110,0.001001
higher,5,0.000137,0.001221
audience,4,0.000110,0.001001
talent,3,0.000082,0.000774
opens,3,0.000082,0.000774
scary,114,0.003129,0.018047
speak,6,0.000165,0.001435
call,74,0.002031,0.012592
consider,4,0.000110,0.001001
john,20,0.000549,0.004122
wayne,11,0.000302,0.002447
gacy,15,0.000412,0.003210
man,118,0.003239,0.018568
joker,3,0.000082,0.000774
batman,3,0.000082,0.000774
human,8,0.000220,0.001850
spite,3,0.000082,0.000774
promotion,3,0.000082,0.000774
positive,6,0.000165,0.001435
shock,6,0.000165,0.001435
appearances,9,0.000247,0.002052
laugh,37,0.001016,0.007000
interested,4,0.000110,0.001001
somewhat,5,0.000137,0.001221
menacingly,4,0.000110,0.001001
haunted,11,0.000302,0.002447
house,86,0.002361,0.014280
such,42,0.001153,0.007800
good,50,0.001373,0.009046
calls,53,0.001455,0.009505
tall,4,0.000110,0.001001
distance,4,0.000110,0.001001
directly,4,0.000110,0.001001
front,17,0.000467,0.003579
herself,9,0.000247,0.002052
forward,5,0.000137,0.001221
ok,7,0.000192,0.001644
follows,4,0.000110,0.001001
series,7,0.000192,0.001644
comments,7,0.000192,0.001644
society,13,0.000357,0.002833
free,8,0.000220,0.001850
pass,4,0.000110,0.001001
referring,5,0.000137,0.001221
easy,4,0.000110,0.001001
looking,28,0.000769,0.005512
inappropriate,6,0.000165,0.001435
showing,11,0.000302,0.002447
times,31,0.000851,0.006016
fire,14,0.000384,0.003022
alarm,20,0.000549,0.004122
space,7,0.000192,0.001644
suddenly,3,0.000082,0.000774
black,47,0.001290,0.008584
friday,38,0.001043,0.007162
keep,25,0.000686,0.004999
myself,3,0.000082,0.000774
wearing,108,0.002965,0.017257
costumes,63,0.001729,0.010999
turns,7,0.000192,0.001644
something,58,0.001592,0.010258
minor,5,0.000137,0.001221
hall,3,0.000082,0.000774
watch,12,0.000329,0.002641
guests,3,0.000082,0.000774
stare,3,0.000082,0.000774
everyone,14,0.000384,0.003022
staring,6,0.000165,0.001435
regard,3,0.000082,0.000774
feels,6,0.000165,0.001435
share,10,0.000275,0.002251
love,8,0.000220,0.001850
manner,10,0.000275,0.002251
deeper,3,0.000082,0.000774
average,3,0.000082,0.000774
detail,4,0.000110,0.001001
amid,12,0.000329,0.002641
between,29,0.000796,0.005681
conversations,4,0.000110,0.001001
place,41,0.001125,0.007641
among,17,0.000467,0.003579
return,4,0.000110,0.001001
id,3,0.000082,0.000774
having,18,0.000494,0.003762
line,12,0.000329,0.002641
sight,5,0.000137,0.001221
jr,5,0.000137,0.001221
lead,13,0.000357,0.002833
ring,3,0.000082,0.000774
juggalos,7,0.000192,0.001644
video,39,0.001071,0.007322
sad,12,0.000329,0.002641
million,4,0.000110,0.001001
views,5,0.000137,0.001221
youtube,4,0.000110,0.001001
spread,39,0.001071,0.007322
interesting,4,0.000110,0.001001
humor,6,0.000165,0.001435
figure,19,0.000522,0.003942
sentiment,3,0.000082,0.000774
revered,3,0.000082,0.000774
feared,3,0.000082,0.000774
seems,13,0.000357,0.002833
fascination,4,0.000110,0.001001
mean,6,0.000165,0.001435
coulrophobia,18,0.000494,0.003762
read,18,0.000494,0.003762
lot,29,0.000796,0.005681
strange,27,0.000741,0.005342
town,24,0.000659,0.004826
wasco,5,0.000137,0.001221
california,12,0.000329,0.002641
late,20,0.000549,0.004122
night,115,0.003157,0.018178
dressing,46,0.001263,0.008428
streets,28,0.000769,0.005512
makeup,45,0.001235,0.008272
crime,26,0.000714,0.005171
itself,12,0.000329,0.002641
must,5,0.000137,0.001221
frightened,4,0.000110,0.001001
especially,13,0.000357,0.002833
literally,6,0.000165,0.001435
death,16,0.000439,0.003395
see,81,0.002224,0.013583
god,5,0.000137,0.001221
television,7,0.000192,0.001644
living,16,0.000439,0.003395
move,5,0.000137,0.001221
immediately,21,0.000576,0.004300
nothing,39,0.001071,0.007322
comes,26,0.000714,0.005171
stand,4,0.000110,0.001001
stop,42,0.001153,0.007800
citizens,12,0.000329,0.002641
false,28,0.000769,0.005512
sense,12,0.000329,0.002641
comfort,3,0.000082,0.000774
update,6,0.000165,0.001435
instagram,16,0.000439,0.003395
account,18,0.000494,0.003762
antics,3,0.000082,0.000774
photo,18,0.000494,0.003762
project,4,0.000110,0.001001
wife,9,0.000247,0.002052
likely,16,0.000439,0.003395
story,29,0.000796,0.005681
fortunately,4,0.000110,0.001001
nearby,15,0.000412,0.003210
bakersfield,5,0.000137,0.001221
copycat,11,0.000302,0.002447
probably,23,0.000631,0.004652
legitimate,9,0.000247,0.002052
evil,50,0.001373,0.009046
monster,8,0.000220,0.001850
ap,6,0.000165,0.001435
dressed,172,0.004722,0.025287
causing,15,0.000412,0.003210
stir,3,0.000082,0.000774
san,9,0.000247,0.002052
valley,17,0.000467,0.003579
latest,24,0.000659,0.004826
sighting,50,0.001373,0.009046
police,692,0.018996,0.075291
responded,30,0.000824,0.005849
holding,16,0.000439,0.003395
officers,66,0.001812,0.011438
searched,9,0.000247,0.002052
find,50,0.001373,0.009046
week,86,0.002361,0.014280
during,34,0.000933,0.006512
received,105,0.002882,0.016859
numerous,13,0.000357,0.002833
mischievous,6,0.000165,0.001435
newspaper,6,0.000165,0.001435
arrested,86,0.002361,0.014280
acknowledged,4,0.000110,0.001001
chasing,28,0.000769,0.005512
younger,5,0.000137,0.001221
juveniles,12,0.000329,0.002641
residents,84,0.002306,0.014002
apartment,89,0.002443,0.014694
complex,77,0.002114,0.013019
greenville,166,0.004557,0.024566
answers,4,0.000110,0.001001
done,5,0.000137,0.001221
hundred,5,0.000137,0.001221
sun,3,0.000082,0.000774
hamby,3,0.000082,0.000774
mark,5,0.000137,0.001221
family,18,0.000494,0.003762
live,15,0.000412,0.003210
fleetwood,56,0.001537,0.009958
manor,54,0.001482,0.009656
apartments,54,0.001482,0.009656
hes,15,0.000412,0.003210
spent,6,0.000165,0.001435
past,27,0.000741,0.005342
four,27,0.000741,0.005342
months,44,0.001208,0.008115
air,8,0.000220,0.001850
ive,7,0.000192,0.001644
talked,6,0.000165,0.001435
management,10,0.000275,0.002251
nobody,9,0.000247,0.002052
wants,4,0.000110,0.001001
daughter,13,0.000357,0.002833
puts,6,0.000165,0.001435
heat,3,0.000082,0.000774
simply,16,0.000439,0.003395
usually,8,0.000220,0.001850
broken,4,0.000110,0.001001
worries,3,0.000082,0.000774
child,52,0.001427,0.009352
donna,23,0.000631,0.004652
arnold,22,0.000604,0.004476
door,13,0.000357,0.002833
isnt,31,0.000851,0.006016
bringing,6,0.000165,0.001435
ground,5,0.000137,0.001221
kill,25,0.000686,0.004999
getting,26,0.000714,0.005171
reached,23,0.000631,0.004652
urban,13,0.000357,0.002833
development,3,0.000082,0.000774
columbia,5,0.000137,0.001221
empty,4,0.000110,0.001001
familiar,8,0.000220,0.001850
stay,10,0.000275,0.002251
hear,6,0.000165,0.001435
address,6,0.000165,0.001435
concerns,9,0.000247,0.002052
wisconsin,15,0.000412,0.003210
calling,21,0.000576,0.004300
asking,14,0.000384,0.003022
walking,54,0.001482,0.009656
green,40,0.001098,0.007482
bay,25,0.000686,0.004999
balloons,12,0.000329,0.002641
doesnt,19,0.000522,0.003942
appear,9,0.000247,0.002052
armed,32,0.000878,0.006182
dangerous,30,0.000824,0.005849
breaking,3,0.000082,0.000774
law,58,0.001592,0.010258
captain,3,0.000082,0.000774
kevin,7,0.000192,0.001644
department,95,0.002608,0.015515
walk,23,0.000631,0.004652
anywhere,4,0.000110,0.001001
gags,14,0.000384,0.003022
spotted,44,0.001208,0.008115
aug,23,0.000631,0.004652
facebook,82,0.002251,0.013723
page,30,0.000824,0.005849
popped,8,0.000220,0.001850
met,8,0.000220,0.001850
die,4,0.000110,0.001001
heart,3,0.000082,0.000774
terror,14,0.000384,0.003022
photos,13,0.000357,0.002833
show,18,0.000494,0.003762
full,31,0.000851,0.006016
high,70,0.001922,0.012019
eyebrows,3,0.000082,0.000774
eyes,7,0.000192,0.001644
wears,4,0.000110,0.001001
ruffled,3,0.000082,0.000774
collar,3,0.000082,0.000774
believe,36,0.000988,0.006838
horror,34,0.000933,0.006512
film,26,0.000714,0.005171
havent,19,0.000522,0.003942
camera,3,0.000082,0.000774
crew,4,0.000110,0.001001
surprised,4,0.000110,0.001001
gone,12,0.000329,0.002641
viral,24,0.000659,0.004826
sc,17,0.000467,0.003579
fox,11,0.000302,0.002447
carolina,150,0.004118,0.022616
multiple,35,0.000961,0.006675
enforcement,45,0.001235,0.008272
agencies,10,0.000275,0.002251
investigating,32,0.000878,0.006182
rash,24,0.000659,0.004826
incidents,64,0.001757,0.011146
involving,21,0.000576,0.004300
sightings,307,0.008427,0.040251
complexes,6,0.000165,0.001435
areas,41,0.001125,0.007641
spartanburg,12,0.000329,0.002641
counties,5,0.000137,0.001221
county,156,0.004282,0.023353
deputies,62,0.001702,0.010852
investigate,18,0.000494,0.003762
road,27,0.000741,0.005342
afternoon,6,0.000165,0.001435
emergency,4,0.000110,0.001001
confirmed,21,0.000576,0.004300
block,15,0.000412,0.003210
woods,230,0.006314,0.031979
sheriffs,77,0.002114,0.013019
office,79,0.002169,0.013301
open,6,0.000165,0.001435
cases,30,0.000824,0.005849
initially,11,0.000302,0.002447
wooded,33,0.000906,0.006347
reportly,39,0.001071,0.007322
encourage,6,0.000165,0.001435
children,275,0.007549,0.036887
join,4,0.000110,0.001001
situation,47,0.001290,0.008584
knocking,4,0.000110,0.001001
doors,9,0.000247,0.002052
homes,6,0.000165,0.001435
investigators,21,0.000576,0.004300
conclusive,4,0.000110,0.001001
evidence,43,0.001180,0.007958
surfaced,15,0.000412,0.003210
suspects,24,0.000659,0.004826
named,17,0.000467,0.003579
officer,34,0.000933,0.006512
gilberto,4,0.000110,0.001001
franco,10,0.000275,0.002251
obstacle,3,0.000082,0.000774
lack,5,0.000137,0.001221
descriptions,6,0.000165,0.001435
receiving,13,0.000357,0.002833
agency,5,0.000137,0.001221
information,30,0.000824,0.005849
hair,32,0.000878,0.006182
colors,4,0.000110,0.001001
masks,63,0.001729,0.010999
faces,16,0.000439,0.003395
warning,32,0.000878,0.006182
letter,45,0.001235,0.008272
begin,9,0.000247,0.002052
shared,11,0.000302,0.002447
found,81,0.002224,0.013583
left,18,0.000494,0.003762
concerned,19,0.000522,0.003942
safety,58,0.001592,0.010258
neighborhood,22,0.000604,0.004476
letters,9,0.000247,0.002052
posted,52,0.001427,0.009352
drive,12,0.000329,0.002641
stated,14,0.000384,0.003022
property,42,0.001153,0.007800
complaints,34,0.000933,0.006512
lure,104,0.002855,0.016726
appears,22,0.000604,0.004476
printed,4,0.000110,0.001001
letterhead,3,0.000082,0.000774
reminds,4,0.000110,0.001001
public,91,0.002498,0.014969
alone,30,0.000824,0.005849
indicates,5,0.000137,0.001221
conducting,5,0.000137,0.001221
due,18,0.000494,0.003762
below,8,0.000220,0.001850
text,9,0.000247,0.002052
sic,25,0.000686,0.004999
several,84,0.002306,0.014002
conversation,11,0.000302,0.002447
regarding,21,0.000576,0.004300
clothing,18,0.000494,0.003762
foremost,8,0.000220,0.001850
childrens,29,0.000796,0.005681
priority,12,0.000329,0.002641
roads,16,0.000439,0.003395
persons,11,0.000302,0.002447
aware,30,0.000824,0.005849
riding,8,0.000220,0.001850
remember,12,0.000329,0.002641
curfew,10,0.000275,0.002251
ensure,13,0.000357,0.002833
please,19,0.000522,0.003942
hours,32,0.000878,0.006182
supervised,6,0.000165,0.001435
anymore,12,0.000329,0.002641
becomes,11,0.000302,0.002447
issue,23,0.000631,0.004652
sent,37,0.001016,0.007000
thank,5,0.000137,0.001221
manager,16,0.000439,0.003395
residing,3,0.000082,0.000774
son,34,0.000933,0.006512
seeing,75,0.002059,0.012735
basketball,6,0.000165,0.001435
court,17,0.000467,0.003579
community,49,0.001345,0.008893
activist,4,0.000110,0.001001
bruce,4,0.000110,0.001001
wilson,11,0.000302,0.002447
involved,18,0.000494,0.003762
safe,30,0.000824,0.005849
turn,11,0.000302,0.002447
harmless,15,0.000412,0.003210
suspicious,62,0.001702,0.010852
character,23,0.000631,0.004652
attire,12,0.000329,0.002641
white,92,0.002525,0.015106
paint,26,0.000714,0.005171
enticing,9,0.000247,0.002052
follow,33,0.000906,0.006347
himher,5,0.000137,0.001221
investigative,6,0.000165,0.001435
state,85,0.002333,0.014141
mother,19,0.000522,0.003942
whose,10,0.000275,0.002251
name,24,0.000659,0.004826
witnessed,10,0.000275,0.002251
notified,7,0.000192,0.001644
presence,13,0.000357,0.002833
laser,13,0.000357,0.002833
lights,13,0.000357,0.002833
resident,36,0.000988,0.006838
largefigured,9,0.000247,0.002052
blinking,13,0.000357,0.002833
nose,35,0.000961,0.006675
streetlight,3,0.000082,0.000774
spoke,10,0.000275,0.002251
persuade,4,0.000110,0.001001
further,14,0.000384,0.003022
displaying,7,0.000192,0.001644
amounts,14,0.000384,0.003022
money,29,0.000796,0.005681
advised,6,0.000165,0.001435
believed,9,0.000247,0.002052
lived,9,0.000247,0.002052
old,20,0.000549,0.004122
pond,19,0.000522,0.003942
via,9,0.000247,0.002052
trial,4,0.000110,0.001001
located,8,0.000220,0.001850
signs,11,0.000302,0.002447
activity,33,0.000906,0.006347
area,128,0.003514,0.019856
gunshots,7,0.000192,0.001644
fired,8,0.000220,0.001850
emerald,8,0.000220,0.001850
commons,8,0.000220,0.001850
horse,4,0.000110,0.001001
saw,86,0.002361,0.014280
released,22,0.000604,0.004476
incident,87,0.002388,0.014418
shemwood,14,0.000384,0.003022
shortly,6,0.000165,0.001435
sighted,8,0.000220,0.001850
backyard,9,0.000247,0.002052
red,63,0.001729,0.010999
mask,110,0.003020,0.017521
body,3,0.000082,0.000774
juvenile,15,0.000412,0.003210
photographs,3,0.000082,0.000774
patrol,12,0.000329,0.002641
actively,3,0.000082,0.000774
investigated,15,0.000412,0.003210
increased,20,0.000549,0.004122
substantiate,10,0.000275,0.002251
claims,26,0.000714,0.005171
surveillance,8,0.000220,0.001850
reason,16,0.000439,0.003395
type,8,0.000220,0.001850
seriously,51,0.001400,0.009200
deputy,41,0.001125,0.007641
ryan,6,0.000165,0.001435
flood,19,0.000522,0.003942
within,13,0.000357,0.002833
callers,9,0.000247,0.002052
started,54,0.001482,0.009656
wooden,4,0.000110,0.001001
fence,4,0.000110,0.001001
broke,8,0.000220,0.001850
waiting,6,0.000165,0.001435
car,35,0.000961,0.006675
jumped,7,0.000192,0.001644
took,34,0.000933,0.006512
witnesses,16,0.000439,0.003395
appeared,17,0.000467,0.003579
honda,4,0.000110,0.001001
wednesday,44,0.001208,0.008115
young,27,0.000741,0.005342
girl,39,0.001071,0.007322
home,61,0.001674,0.010704
school,245,0.006725,0.033640
hughes,5,0.000137,0.001221
academy,5,0.000137,0.001221
pleasant,5,0.000137,0.001221
en,3,0.000082,0.000774
route,8,0.000220,0.001850
rice,5,0.000137,0.001221
street,34,0.000933,0.006512
deoyley,3,0.000082,0.000774
avenue,17,0.000467,0.003579
park,22,0.000604,0.004476
haywood,3,0.000082,0.000774
laundromat,3,0.000082,0.000774
action,14,0.000384,0.003022
stood,4,0.000110,0.001001
stared,4,0.000110,0.001001
described,17,0.000467,0.003579
ages,4,0.000110,0.001001
feet,4,0.000110,0.001001
witness,11,0.000302,0.002447
describes,3,0.000082,0.000774
coming,27,0.000741,0.005342
sides,3,0.000082,0.000774
subject,7,0.000192,0.001644
gray,3,0.000082,0.000774
shirt,11,0.000302,0.002447
gloves,13,0.000357,0.002833
pants,15,0.000412,0.003210
thomas,3,0.000082,0.000774
twitter,48,0.001318,0.008738
featured,3,0.000082,0.000774
inside,6,0.000165,0.001435
anybody,5,0.000137,0.001221
else,14,0.000384,0.003022
stories,19,0.000522,0.003942
scene,18,0.000494,0.003762
straight,3,0.000082,0.000774
stephen,52,0.001427,0.009352
kings,24,0.000659,0.004826
freaking,3,0.000082,0.000774
south,127,0.003486,0.019728
someone,106,0.002910,0.016992
hanging,13,0.000357,0.002833
parents,66,0.001812,0.011438
telling,13,0.000357,0.002833
apparently,16,0.000439,0.003395
possibly,15,0.000412,0.003210
cnn,3,0.000082,0.000774
affiliate,8,0.000220,0.001850
whns,3,0.000082,0.000774
send,11,0.000302,0.002447
couple,14,0.000384,0.003022
years,37,0.001016,0.007000
including,35,0.000961,0.006675
brandishing,5,0.000137,0.001221
weapon,4,0.000110,0.001001
turned,33,0.000906,0.006347
husband,3,0.000082,0.000774
remain,4,0.000110,0.001001
anonymous,11,0.000302,0.002447
wonder,6,0.000165,0.001435
connection,16,0.000439,0.003395
advertisement,6,0.000165,0.001435
content,8,0.000220,0.001850
officials,50,0.001373,0.009046
upstate,3,0.000082,0.000774
wyff,7,0.000192,0.001644
asked,31,0.000851,0.006016
drew,6,0.000165,0.001435
pinciaro,13,0.000357,0.002833
checked,7,0.000192,0.001644
crimes,13,0.000357,0.002833
release,19,0.000522,0.003942
todays,5,0.000137,0.001221
date,3,0.000082,0.000774
filed,15,0.000412,0.003210
copy,4,0.000110,0.001001
review,6,0.000165,0.001435
note,11,0.000302,0.002447
reference,3,0.000082,0.000774
heard,29,0.000796,0.005681
refused,4,0.000110,0.001001
give,11,0.000302,0.002447
names,4,0.000110,0.001001
locate,10,0.000275,0.002251
matching,4,0.000110,0.001001
description,8,0.000220,0.001850
case,30,0.000824,0.005849
followup,5,0.000137,0.001221
unit,4,0.000110,0.001001
investigation,25,0.000686,0.004999
extra,10,0.000275,0.002251
patrolling,4,0.000110,0.001001
conduct,10,0.000275,0.002251
entice,6,0.000165,0.001435
leave,9,0.000247,0.002052
whispering,13,0.000357,0.002833
noises,14,0.000384,0.003022
flashing,11,0.000302,0.002447
womans,8,0.000220,0.001850
chains,7,0.000192,0.001644
banging,7,0.000192,0.001644
scared,26,0.000714,0.005171
fib,3,0.000082,0.000774
talk,17,0.000467,0.003579
again,24,0.000659,0.004826
ms,10,0.000275,0.002251
knew,13,0.000357,0.002833
kid,10,0.000275,0.002251
confident,4,0.000110,0.001001
truth,9,0.000247,0.002052
post,42,0.001153,0.007800
dumpster,9,0.000247,0.002052
waved,16,0.000439,0.003395
approach,8,0.000220,0.001850
cash,12,0.000329,0.002641
trail,13,0.000357,0.002833
walked,9,0.000247,0.002052
learned,8,0.000220,0.001850
men,43,0.001180,0.007958
weapons,15,0.000412,0.003210
direction,8,0.000220,0.001850
happen,9,0.000247,0.002052
master,6,0.000165,0.001435
tells,14,0.000384,0.003022
sparked,12,0.000329,0.002641
social,148,0.004063,0.022369
speculation,4,0.000110,0.001001
commented,3,0.000082,0.000774
matter,46,0.001263,0.008428
station,19,0.000522,0.003942
caller,11,0.000302,0.002447
evening,19,0.000522,0.003942
allegations,4,0.000110,0.001001
guns,5,0.000137,0.001221
shell,3,0.000082,0.000774
casings,3,0.000082,0.000774
point,32,0.000878,0.006182
corroborate,3,0.000082,0.000774
true,20,0.000549,0.004122
obtained,5,0.000137,0.001221
followed,14,0.000384,0.003022
coverage,7,0.000192,0.001644
click,6,0.000165,0.001435
ongoing,6,0.000165,0.001435
details,4,0.000110,0.001001
intriguing,3,0.000082,0.000774
unsolved,3,0.000082,0.000774
visit,4,0.000110,0.001001
light,14,0.000384,0.003022
garbage,5,0.000137,0.001221
suspect,27,0.000741,0.005342
residence,3,0.000082,0.000774
safely,4,0.000110,0.001001
harm,20,0.000549,0.004122
approached,12,0.000329,0.002641
buildings,6,0.000165,0.001435
hiking,4,0.000110,0.001001
characters,21,0.000576,0.004300
stopped,11,0.000302,0.002447
continue,9,0.000247,0.002052
either,14,0.000384,0.003022
confirm,8,0.000220,0.001850
definitely,3,0.000082,0.000774
tv,18,0.000494,0.003762
schedule,4,0.000110,0.001001
sports,4,0.000110,0.001001
attempting,17,0.000467,0.003579
august,49,0.001345,0.008893
tribune,7,0.000192,0.001644
email,14,0.000384,0.003022
stating,4,0.000110,0.001001
comment,17,0.000467,0.003579
topics,6,0.000165,0.001435
suggest,7,0.000192,0.001644
correction,3,0.000082,0.000774
sponsored,6,0.000165,0.001435
traffic,6,0.000165,0.001435
md,5,0.000137,0.001221
popular,7,0.000192,0.001644
kitchen,5,0.000137,0.001221
chef,4,0.000110,0.001001
dead,6,0.000165,0.001435
philadelphia,10,0.000275,0.002251
charge,7,0.000192,0.001644
women,9,0.000247,0.002052
experts,6,0.000165,0.001435
stole,3,0.000082,0.000774
walmart,4,0.000110,0.001001
alerts,4,0.000110,0.001001
customers,4,0.000110,0.001001
franklin,3,0.000082,0.000774
charged,33,0.000906,0.006347
attempted,5,0.000137,0.001221
homicide,4,0.000110,0.001001
neighbors,3,0.000082,0.000774
worry,6,0.000165,0.001435
change,9,0.000247,0.002052
ordinance,5,0.000137,0.001221
negative,5,0.000137,0.001221
americas,7,0.000192,0.001644
north,81,0.002224,0.013583
cameras,4,0.000110,0.001001
capture,3,0.000082,0.000774
masked,5,0.000137,0.001221
minutes,9,0.000247,0.002052
levels,3,0.000082,0.000774
city,46,0.001263,0.008428
bill,4,0.000110,0.001001
building,6,0.000165,0.001435
lower,4,0.000110,0.001001
contact,20,0.000549,0.004122
missing,3,0.000082,0.000774
tennessee,10,0.000275,0.002251
student,39,0.001071,0.007322
allegation,4,0.000110,0.001001
manhunt,3,0.000082,0.000774
lives,32,0.000878,0.006182
local,73,0.002004,0.012450
government,6,0.000165,0.001435
september,34,0.000933,0.006512
lancaster,6,0.000165,0.001435
campaign,15,0.000412,0.003210
mobile,3,0.000082,0.000774
apps,4,0.000110,0.001001
app,5,0.000137,0.001221
site,9,0.000247,0.002052
map,3,0.000082,0.000774
politics,5,0.000137,0.001221
online,41,0.001125,0.007641
file,5,0.000137,0.001221
terms,5,0.000137,0.001221
service,5,0.000137,0.001221
policy,5,0.000137,0.001221
st,10,0.000275,0.002251
pa,6,0.000165,0.001435
add,15,0.000412,0.003210
blog,3,0.000082,0.000774
posts,30,0.000824,0.005849
pages,3,0.000082,0.000774
themes,3,0.000082,0.000774
sharing,4,0.000110,0.001001
settings,4,0.000110,0.001001
reader,3,0.000082,0.000774
manage,4,0.000110,0.001001
search,15,0.000412,0.003210
likes,11,0.000302,0.002447
jessicadoble,4,0.000110,0.001001
sign,7,0.000192,0.001644
security,24,0.000659,0.004826
special,4,0.000110,0.001001
steps,3,0.000082,0.000774
help,15,0.000412,0.003210
log,3,0.000082,0.000774
warned,27,0.000741,0.005342
allegedly,45,0.001235,0.008272
reads,6,0.000165,0.001435
friends,20,0.000549,0.004122
ready,3,0.000082,0.000774
buzzfeed,3,0.000082,0.000774
reporting,12,0.000329,0.002641
lurking,33,0.000906,0.006347
plenty,3,0.000082,0.000774
sleep,6,0.000165,0.001435
complained,3,0.000082,0.000774
warrant,4,0.000110,0.001001
statement,24,0.000659,0.004826
boys,13,0.000357,0.002833
edge,16,0.000439,0.003395
hearing,6,0.000165,0.001435
james,5,0.000137,0.001221
knives,11,0.000302,0.002447
wouldnt,12,0.000329,0.002641
hell,9,0.000247,0.002052
idiots,6,0.000165,0.001435
abandoned,11,0.000302,0.002447
manmade,5,0.000137,0.001221
middle,34,0.000933,0.006512
cool,20,0.000549,0.004122
nightmares,3,0.000082,0.000774
rumored,3,0.000082,0.000774
luring,8,0.000220,0.001850
stepped,4,0.000110,0.001001
precautions,3,0.000082,0.000774
increasing,5,0.000137,0.001221
exist,6,0.000165,0.001435
wrote,33,0.000906,0.006347
boy,44,0.001208,0.008115
identified,15,0.000412,0.003210
lying,4,0.000110,0.001001
sunday,23,0.000631,0.004652
appearing,6,0.000165,0.001435
days,34,0.000933,0.006512
single,5,0.000137,0.001221
spokesman,26,0.000714,0.005171
seem,15,0.000412,0.003210
spreading,12,0.000329,0.002641
national,24,0.000659,0.004826
washington,18,0.000494,0.003762
usa,5,0.000137,0.001221
today,24,0.000659,0.004826
alleged,25,0.000686,0.004999
considering,4,0.000110,0.001001
pop,5,0.000137,0.001221
attention,20,0.000549,0.004122
bottom,3,0.000082,0.000774
scare,61,0.001674,0.010704
difficult,3,0.000082,0.000774
imaginations,4,0.000110,0.001001
possibility,6,0.000165,0.001435
prank,35,0.000961,0.006675
obviously,11,0.000302,0.002447
leading,12,0.000329,0.002641
northern,5,0.000137,0.001221
reveal,6,0.000165,0.001435
responding,14,0.000384,0.003022
led,13,0.000357,0.002833
outside,41,0.001125,0.007641
displayed,4,0.000110,0.001001
attempt,11,0.000302,0.002447
declined,4,0.000110,0.001001
eight,9,0.000247,0.002052
initial,5,0.000137,0.001221
began,33,0.000906,0.006347
teenage,8,0.000220,0.001850
jacket,3,0.000082,0.000774
arrived,12,0.000329,0.002641
cbs,4,0.000110,0.001001
wspa,5,0.000137,0.001221
chased,50,0.001373,0.009046
playground,5,0.000137,0.001221
darkcolored,5,0.000137,0.001221
clear,14,0.000384,0.003022
vehicle,13,0.000357,0.002833
history,8,0.000220,0.001850
unusual,7,0.000192,0.001644
far,32,0.000878,0.006182
kind,23,0.000631,0.004652
circuses,3,0.000082,0.000774
crazy,8,0.000220,0.001850
unable,9,0.000247,0.002052
monitoring,5,0.000137,0.001221
knifewielding,7,0.000192,0.001644
hoax,39,0.001071,0.007322
columbus,13,0.000357,0.002833
chances,4,0.000110,0.001001
dark,20,0.000549,0.004122
short,5,0.000137,0.001221
bus,21,0.000576,0.004300
sgt,14,0.000384,0.003022
rich,4,0.000110,0.001001
weiner,3,0.000082,0.000774
occurred,16,0.000439,0.003395
throwing,5,0.000137,0.001221
rock,7,0.000192,0.001644
fled,12,0.000329,0.002641
university,37,0.001016,0.007000
district,40,0.001098,0.007482
districts,12,0.000329,0.002641
monitor,5,0.000137,0.001221
forest,14,0.000384,0.003022
elementary,20,0.000549,0.004122
targeted,10,0.000275,0.002251
caught,19,0.000522,0.003942
menacing,20,0.000549,0.004122
charges,33,0.000906,0.006347
tennis,4,0.000110,0.001001
wore,6,0.000165,0.001435
hand,12,0.000329,0.002641
caused,19,0.000522,0.003942
nationwide,17,0.000467,0.003579
frenzy,13,0.000357,0.002833
loose,6,0.000165,0.001435
roaming,5,0.000137,0.001221
carrying,17,0.000467,0.003579
whole,16,0.000439,0.003395
marketing,23,0.000631,0.004652
ploy,5,0.000137,0.001221
independent,5,0.000137,0.001221
schools,142,0.003898,0.021623
students,120,0.003294,0.018828
gave,4,0.000110,0.001001
phone,23,0.000631,0.004652
seeking,4,0.000110,0.001001
offering,7,0.000192,0.001644
opened,6,0.000165,0.001435
spooked,4,0.000110,0.001001
picture,30,0.000824,0.005849
nbc,5,0.000137,0.001221
hasnt,9,0.000247,0.002052
showed,12,0.000329,0.002641
theyd,6,0.000165,0.001435
lured,3,0.000082,0.000774
circulated,3,0.000082,0.000774
flier,12,0.000329,0.002641
nights,3,0.000082,0.000774
odd,6,0.000165,0.001435
prowling,6,0.000165,0.001435
england,7,0.000192,0.001644
emerged,9,0.000247,0.002052
college,31,0.000851,0.006016
cheer,18,0.000494,0.003762
dying,4,0.000110,0.001001
earlier,40,0.001098,0.007482
terrorized,5,0.000137,0.001221
promotional,3,0.000082,0.000774
stunt,8,0.000220,0.001850
movie,23,0.000631,0.004652
whats,7,0.000192,0.001644
director,10,0.000275,0.002251
rob,10,0.000275,0.002251
zombie,6,0.000165,0.001435
band,6,0.000165,0.001435
zombies,8,0.000220,0.001850
soon,7,0.000192,0.001644
game,12,0.000329,0.002641
gang,12,0.000329,0.002641
sadistic,5,0.000137,0.001221
feature,3,0.000082,0.000774
theaters,5,0.000137,0.001221
films,4,0.000110,0.001001
movies,8,0.000220,0.001850
respond,7,0.000192,0.001644
request,3,0.000082,0.000774
encounter,3,0.000082,0.000774
ohio,33,0.000906,0.006347
knife,21,0.000576,0.004300
victim,22,0.000604,0.004476
spokeswoman,8,0.000220,0.001850
denise,3,0.000082,0.000774
alexbouzounis,4,0.000110,0.001001
added,20,0.000549,0.004122
keeping,7,0.000192,0.001644
close,5,0.000137,0.001221
eye,16,0.000439,0.003395
reports,19,0.000522,0.003942
spooking,4,0.000110,0.001001
attack,16,0.000439,0.003395
teenager,12,0.000329,0.002641
locally,5,0.000137,0.001221
stupid,8,0.000220,0.001850
everywhere,5,0.000137,0.001221
authorities,60,0.001647,0.010556
parent,3,0.000082,0.000774
happened,28,0.000769,0.005512
complainant,3,0.000082,0.000774
lasers,3,0.000082,0.000774
blue,15,0.000412,0.003210
bike,3,0.000082,0.000774
claim,9,0.000247,0.002052
crossing,5,0.000137,0.001221
dispatch,6,0.000165,0.001435
lane,5,0.000137,0.001221
confronted,7,0.000192,0.001644
increase,14,0.000384,0.003022
canaan,4,0.000110,0.001001
pointe,3,0.000082,0.000774
snapped,3,0.000082,0.000774
view,10,0.000275,0.002251
image,27,0.000741,0.005342
evan,4,0.000110,0.001001
football,4,0.000110,0.001001
practice,3,0.000082,0.000774
canceled,14,0.000384,0.003022
normal,10,0.000275,0.002251
cops,15,0.000412,0.003210
wasnt,23,0.000631,0.004652
playing,13,0.000357,0.002833
serious,34,0.000933,0.006512
gonna,6,0.000165,0.001435
joke,18,0.000494,0.003762
unknown,10,0.000275,0.002251
ill,10,0.000275,0.002251
intent,8,0.000220,0.001850
towards,5,0.000137,0.001221
somebody,19,0.000522,0.003942
quite,13,0.000357,0.002833
wear,19,0.000522,0.003942
conceal,4,0.000110,0.001001
encouraging,3,0.000082,0.000774
cautious,4,0.000110,0.001001
until,17,0.000467,0.003579
track,9,0.000247,0.002052
impact,5,0.000137,0.001221
together,7,0.000192,0.001644
gets,12,0.000329,0.002641
hurt,16,0.000439,0.003395
ask,7,0.000192,0.001644
whoever,4,0.000110,0.001001
scaring,30,0.000824,0.005849
neighborhoods,8,0.000220,0.001850
cars,14,0.000384,0.003022
perimeter,3,0.000082,0.000774
performers,6,0.000165,0.001435
weigh,3,0.000082,0.000774
party,15,0.000412,0.003210
kelly,3,0.000082,0.000774
montfort,5,0.000137,0.001221
entertainment,9,0.000247,0.002052
birthday,6,0.000165,0.001435
parties,15,0.000412,0.003210
events,23,0.000631,0.004652
mr,10,0.000275,0.002251
happy,17,0.000467,0.003579
business,15,0.000412,0.003210
terrified,13,0.000357,0.002833
truly,5,0.000137,0.001221
hope,10,0.000275,0.002251
psychopath,3,0.000082,0.000774
sinister,20,0.000549,0.004122
rather,8,0.000220,0.001850
chance,3,0.000082,0.000774
sort,11,0.000302,0.002447
brand,4,0.000110,0.001001
wielding,12,0.000329,0.002641
freak,5,0.000137,0.001221
teachers,18,0.000494,0.003762
arrests,30,0.000824,0.005849
freaky,3,0.000082,0.000774
mere,4,0.000110,0.001001
alerted,3,0.000082,0.000774
disturbing,14,0.000384,0.003022
country,77,0.002114,0.013019
focus,4,0.000110,0.001001
terrifying,16,0.000439,0.003395
simpson,3,0.000082,0.000774
becoming,5,0.000137,0.001221
problem,16,0.000439,0.003395
urged,8,0.000220,0.001850
fear,87,0.002388,0.014418
miles,11,0.000302,0.002447
elaborate,5,0.000137,0.001221
include,3,0.000082,0.000774
arrive,4,0.000110,0.001001
needs,5,0.000137,0.001221
chief,34,0.000933,0.006512
ken,6,0.000165,0.001435
miller,16,0.000439,0.003395
illegal,24,0.000659,0.004826
creating,11,0.000302,0.002447
actor,5,0.000137,0.001221
themselves,18,0.000494,0.003762
preparing,3,0.000082,0.000774
matters,4,0.000110,0.001001
own,20,0.000549,0.004122
looked,12,0.000329,0.002641
number,25,0.000686,0.004999
cleveland,3,0.000082,0.000774
six,15,0.000412,0.003210
official,6,0.000165,0.001435
attacked,19,0.000522,0.003942
alex,4,0.000110,0.001001
arrest,14,0.000384,0.003022
widespread,7,0.000192,0.001644
panic,36,0.000988,0.006838
press,23,0.000631,0.004652
briefing,6,0.000165,0.001435
co,6,0.000165,0.001435
held,11,0.000302,0.002447
seven,7,0.000192,0.001644
connected,6,0.000165,0.001435
upcoming,9,0.000247,0.002052
terrorizing,9,0.000247,0.002052
disruption,3,0.000082,0.000774
prohibits,5,0.000137,0.001221
harassment,10,0.000275,0.002251
individuals,17,0.000467,0.003579
applies,3,0.000082,0.000774
identity,7,0.000192,0.001644
section,7,0.000192,0.001644
laws,10,0.000275,0.002251
upon,4,0.000110,0.001001
specific,5,0.000137,0.001221
circumstances,3,0.000082,0.000774
dress,31,0.000851,0.006016
outfits,9,0.000247,0.002052
werent,10,0.000275,0.002251
ave,4,0.000110,0.001001
toward,11,0.000302,0.002447
slightly,3,0.000082,0.000774
clean,4,0.000110,0.001001
starting,4,0.000110,0.001001
tshirt,4,0.000110,0.001001
costumed,6,0.000165,0.001435
side,22,0.000604,0.004476
rain,5,0.000137,0.001221
killer,47,0.001290,0.008584
addition,3,0.000082,0.000774
winstonsalem,17,0.000467,0.003579
treats,9,0.000247,0.002052
scares,6,0.000165,0.001435
adult,10,0.000275,0.002251
overalls,7,0.000192,0.001644
bushy,8,0.000220,0.001850
became,11,0.000302,0.002447
nc,5,0.000137,0.001221
second,11,0.000302,0.002447
northeast,3,0.000082,0.000774
neighboring,4,0.000110,0.001001
offered,7,0.000192,0.001644
investigations,4,0.000110,0.001001
machete,14,0.000384,0.003022
greensboro,20,0.000549,0.004122
carolinas,3,0.000082,0.000774
curly,7,0.000192,0.001644
yellow,8,0.000220,0.001850
dotted,6,0.000165,0.001435
leaving,9,0.000247,0.002052
chris,6,0.000165,0.001435
bass,4,0.000110,0.001001
balcony,3,0.000082,0.000774
grabbed,8,0.000220,0.001850
chase,7,0.000192,0.001644
forsyth,6,0.000165,0.001435
tie,3,0.000082,0.000774
talking,11,0.000302,0.002447
heightened,12,0.000329,0.002641
tensions,8,0.000220,0.001850
participating,3,0.000082,0.000774
behavior,19,0.000522,0.003942
unnecessarily,3,0.000082,0.000774
resources,13,0.000357,0.002833
cities,11,0.000302,0.002447
claiming,5,0.000137,0.001221
acting,12,0.000329,0.002641
strangely,3,0.000082,0.000774
once,16,0.000439,0.003395
fueled,10,0.000275,0.002251
fans,7,0.000192,0.001644
pennywise,26,0.000714,0.005171
kidnapped,4,0.000110,0.001001
carnival,6,0.000165,0.001435
workers,4,0.000110,0.001001
danielsen,3,0.000082,0.000774
alarming,5,0.000137,0.001221
disappeared,4,0.000110,0.001001
discouraging,5,0.000137,0.001221
driver,9,0.000247,0.002052
sept,23,0.000631,0.004652
truck,11,0.000302,0.002447
quickly,12,0.000329,0.002641
driving,25,0.000686,0.004999
hard,11,0.000302,0.002447
included,6,0.000165,0.001435
various,11,0.000302,0.002447
race,4,0.000110,0.001001
associated,13,0.000357,0.002833
headlines,11,0.000302,0.002447
lately,5,0.000137,0.001221
folks,5,0.000137,0.001221
afraid,42,0.001153,0.007800
kept,6,0.000165,0.001435
screaming,4,0.000110,0.001001
beside,3,0.000082,0.000774
window,10,0.000275,0.002251
foot,7,0.000192,0.001644
hoping,5,0.000137,0.001221
third,8,0.000220,0.001850
male,8,0.000220,0.001850
wtvd,3,0.000082,0.000774
abc,10,0.000275,0.002251
midnight,5,0.000137,0.001221
residential,4,0.000110,0.001001
although,14,0.000384,0.003022
lawful,4,0.000110,0.001001
given,11,0.000302,0.002447
entertainers,7,0.000192,0.001644
humorous,4,0.000110,0.001001
mimic,3,0.000082,0.000774
opportunity,3,0.000082,0.000774
avoid,12,0.000329,0.002641
situations,4,0.000110,0.001001
dealing,5,0.000137,0.001221
strangers,8,0.000220,0.001850
tell,14,0.000384,0.003022
stranger,5,0.000137,0.001221
sounds,4,0.000110,0.001001
fun,37,0.001016,0.007000
region,3,0.000082,0.000774
phelps,4,0.000110,0.001001
brad,6,0.000165,0.001435
capt,4,0.000110,0.001001
mike,11,0.000302,0.002447
interstate,3,0.000082,0.000774
catch,4,0.000110,0.001001
actions,8,0.000220,0.001850
copycats,13,0.000357,0.002833
unnecessary,5,0.000137,0.001221
unclear,7,0.000192,0.001644
leads,7,0.000192,0.001644
potentially,6,0.000165,0.001435
instead,4,0.000110,0.001001
location,8,0.000220,0.001850
okay,6,0.000165,0.001435
adults,16,0.000439,0.003395
conducted,5,0.000137,0.001221
record,4,0.000110,0.001001
clownlike,6,0.000165,0.001435
warn,5,0.000137,0.001221
noted,11,0.000302,0.002447
consequences,7,0.000192,0.001644
actual,12,0.000329,0.002641
entire,5,0.000137,0.001221
remains,4,0.000110,0.001001
mystery,4,0.000110,0.001001
certainly,9,0.000247,0.002052
david,7,0.000192,0.001644
professional,37,0.001016,0.007000
persona,6,0.000165,0.001435
klown,14,0.000384,0.003022
expressed,3,0.000082,0.000774
effect,4,0.000110,0.001001
worked,6,0.000165,0.001435
life,21,0.000576,0.004300
respect,5,0.000137,0.001221
responsible,7,0.000192,0.001644
psychologist,9,0.000247,0.002052
dr,7,0.000192,0.001644
j,5,0.000137,0.001221
explains,5,0.000137,0.001221
damage,8,0.000220,0.001850
frightening,17,0.000467,0.003579
performance,6,0.000165,0.001435
artist,5,0.000137,0.001221
brian,4,0.000110,0.001001
previous,8,0.000220,0.001850
contacted,6,0.000165,0.001435
receive,6,0.000165,0.001435
weird,9,0.000247,0.002052
seemed,5,0.000137,0.001221
ideas,3,0.000082,0.000774
example,8,0.000220,0.001850
beginning,10,0.000275,0.002251
threat,88,0.002416,0.014556
lagrange,10,0.000275,0.002251
ga,3,0.000082,0.000774
west,10,0.000275,0.002251
georgia,32,0.000878,0.006182
theyve,10,0.000275,0.002251
abduct,10,0.000275,0.002251
appropriate,4,0.000110,0.001001
lt,8,0.000220,0.001850
threatening,47,0.001290,0.008584
van,23,0.000631,0.004652
threats,172,0.004722,0.025287
states,62,0.001702,0.010852
determined,5,0.000137,0.001221
unfounded,6,0.000165,0.001435
beneath,8,0.000220,0.001850
epidemic,16,0.000439,0.003395
sweeping,14,0.000384,0.003022
southern,5,0.000137,0.001221
kidnap,9,0.000247,0.002052
callaway,3,0.000082,0.000774
troup,4,0.000110,0.001001
cute,3,0.000082,0.000774
pair,9,0.000247,0.002052
sheriff,12,0.000329,0.002641
woodruff,3,0.000082,0.000774
alabama,39,0.001071,0.007322
gas,4,0.000110,0.001001
teens,14,0.000384,0.003022
bizarre,8,0.000220,0.001850
mysterious,8,0.000220,0.001850
hayes,3,0.000082,0.000774
hadden,3,0.000082,0.000774
mcduffie,4,0.000110,0.001001
supposed,12,0.000329,0.002641
wanted,13,0.000357,0.002833
major,3,0.000082,0.000774
ronnie,3,0.000082,0.000774
williamson,3,0.000082,0.000774
disorderly,5,0.000137,0.001221
duo,5,0.000137,0.001221
parking,6,0.000165,0.001435
eventually,4,0.000110,0.001001
admitted,6,0.000165,0.001435
misdemeanor,5,0.000137,0.001221
fine,8,0.000220,0.001850
possible,12,0.000329,0.002641
probation,3,0.000082,0.000774
parts,6,0.000165,0.001435
landed,4,0.000110,0.001001
jail,8,0.000220,0.001850
normally,7,0.000192,0.001644
often,18,0.000494,0.003762
almost,11,0.000302,0.002447
always,19,0.000522,0.003942
throughout,8,0.000220,0.001850
nation,32,0.000878,0.006182
departments,7,0.000192,0.001644
summer,6,0.000165,0.001435
stations,3,0.000082,0.000774
florida,23,0.000631,0.004652
internet,14,0.000384,0.003022
blamed,4,0.000110,0.001001
crash,3,0.000082,0.000774
played,5,0.000137,0.001221
role,5,0.000137,0.001221
escambia,4,0.000110,0.001001
lockdown,20,0.000549,0.004122
flomo,12,0.000329,0.002641
klowns,3,0.000082,0.000774
flomaton,12,0.000329,0.002641
hit,23,0.000631,0.004652
elsewhere,3,0.000082,0.000774
advantage,3,0.000082,0.000774
pensacola,3,0.000082,0.000774
revealed,9,0.000247,0.002052
taken,32,0.000878,0.006182
bbc,6,0.000165,0.001435
theory,7,0.000192,0.001644
murderous,8,0.000220,0.001850
unfortunately,4,0.000110,0.001001
company,12,0.000329,0.002641
whnt,4,0.000110,0.001001
rumor,10,0.000275,0.002251
youve,7,0.000192,0.001644
questions,6,0.000165,0.001435
fake,11,0.000302,0.002447
tuscumbia,9,0.000247,0.002052
kinds,3,0.000082,0.000774
create,7,0.000192,0.001644
hysteria,79,0.002169,0.013301
rumors,24,0.000659,0.004826
cullman,3,0.000082,0.000774
supposedly,8,0.000220,0.001850
highway,7,0.000192,0.001644
spokesperson,7,0.000192,0.001644
creates,6,0.000165,0.001435
phantom,13,0.000357,0.002833
takes,10,0.000275,0.002251
violence,20,0.000549,0.004122
ones,11,0.000302,0.002447
morgan,7,0.000192,0.001644
exactly,10,0.000275,0.002251
heres,8,0.000220,0.001850
makayla,3,0.000082,0.000774
smith,6,0.000165,0.001435
terroristic,10,0.000275,0.002251
judge,3,0.000082,0.000774
set,10,0.000275,0.002251
calhoun,3,0.000082,0.000774
announced,6,0.000165,0.001435
shoot,16,0.000439,0.003395
felony,9,0.000247,0.002052
offense,4,0.000110,0.001001
taboola,4,0.000110,0.001001
links,5,0.000137,0.001221
pay,8,0.000220,0.001850
furious,8,0.000220,0.001850
pace,5,0.000137,0.001221
owe,3,0.000082,0.000774
less,13,0.000357,0.002833
quickenloans,4,0.000110,0.001001
lafayette,6,0.000165,0.001435
louisiana,9,0.000247,0.002052
billion,4,0.000110,0.001001
industry,7,0.000192,0.001644
everquote,3,0.000082,0.000774
insurance,4,0.000110,0.001001
quotes,3,0.000082,0.000774
meal,3,0.000082,0.000774
cheaper,3,0.000082,0.000774
store,12,0.000329,0.002641
addicting,3,0.000082,0.000774
shopping,3,0.000082,0.000774
tophatter,3,0.000082,0.000774
bio,3,0.000082,0.000774
web,3,0.000082,0.000774
everyones,4,0.000110,0.001001
dies,3,0.000082,0.000774
tn,5,0.000137,0.001221
alert,15,0.000412,0.003210
teen,8,0.000220,0.001850
teacher,10,0.000275,0.002251
tad,3,0.000082,0.000774
weekend,14,0.000384,0.003022
best,10,0.000275,0.002251
become,23,0.000631,0.004652
thanks,6,0.000165,0.001435
restaurant,6,0.000165,0.001435
food,3,0.000082,0.000774
trend,32,0.000878,0.006182
waste,3,0.000082,0.000774
massachusetts,11,0.000302,0.002447
huntsville,4,0.000110,0.001001
shoals,8,0.000220,0.001850
complaint,8,0.000220,0.001850
accused,6,0.000165,0.001435
drivers,4,0.000110,0.001001
downtown,10,0.000275,0.002251
victims,13,0.000357,0.002833
movement,5,0.000137,0.001221
shooting,12,0.000329,0.002641
communications,3,0.000082,0.000774
professor,8,0.000220,0.001850
topic,4,0.000110,0.001001
identify,6,0.000165,0.001435
decision,7,0.000192,0.001644
beauty,3,0.000082,0.000774
beast,5,0.000137,0.001221
murder,6,0.000165,0.001435
member,6,0.000165,0.001435
al,3,0.000082,0.000774
london,8,0.000220,0.001850
ky,3,0.000082,0.000774
creeped,10,0.000275,0.002251
kentucky,30,0.000824,0.005849
jamie,4,0.000110,0.001001
hill,12,0.000329,0.002641
rogers,3,0.000082,0.000774
parkway,5,0.000137,0.001221
posting,8,0.000220,0.001850
necessarily,3,0.000082,0.000774
suspiciously,4,0.000110,0.001001
geneva,6,0.000165,0.001435
profiles,4,0.000110,0.001001
labeled,4,0.000110,0.001001
accounts,9,0.000247,0.002052
joking,6,0.000165,0.001435
terrorist,10,0.000275,0.002251
craze,39,0.001071,0.007322
holy,3,0.000082,0.000774
searches,3,0.000082,0.000774
bushes,9,0.000247,0.002052
particularly,10,0.000275,0.002251
pranksters,19,0.000522,0.003942
result,7,0.000192,0.001644
currently,9,0.000247,0.002052
annapolis,6,0.000165,0.001435
discovered,5,0.000137,0.001221
miguez,4,0.000110,0.001001
interviewed,5,0.000137,0.001221
feed,3,0.000082,0.000774
spend,3,0.000082,0.000774
bunch,7,0.000192,0.001644
untrue,3,0.000082,0.000774
stealing,3,0.000082,0.000774
managed,3,0.000082,0.000774
targeting,7,0.000192,0.001644
credible,24,0.000659,0.004826
featuring,8,0.000220,0.001850
fbi,15,0.000412,0.003210
grounds,3,0.000082,0.000774
exact,5,0.000137,0.001221
tolerated,3,0.000082,0.000774
wva,3,0.000082,0.000774
fayette,3,0.000082,0.000774
grown,3,0.000082,0.000774
amused,3,0.000082,0.000774
pranks,25,0.000686,0.004999
limited,4,0.000110,0.001001
engaging,3,0.000082,0.000774
amusement,3,0.000082,0.000774
code,5,0.000137,0.001221
phobia,12,0.000329,0.002641
individual,8,0.000220,0.001850
results,11,0.000302,0.002447
determine,6,0.000165,0.001435
merely,3,0.000082,0.000774
robbery,8,0.000220,0.001850
finally,7,0.000192,0.001644
common,9,0.000247,0.002052
refrain,4,0.000110,0.001001
chapman,3,0.000082,0.000774
survey,5,0.000137,0.001221
american,15,0.000412,0.003210
fears,22,0.000604,0.004476
percent,13,0.000357,0.002833
glasgow,8,0.000220,0.001850
bowling,8,0.000220,0.001850
warren,4,0.000110,0.001001
clownrelated,32,0.000878,0.006182
spate,9,0.000247,0.002052
spooky,4,0.000110,0.001001
pennsylvania,32,0.000878,0.006182
yelling,7,0.000192,0.001644
placed,5,0.000137,0.001221
invasion,3,0.000082,0.000774
carried,7,0.000192,0.001644
protect,4,0.000110,0.001001
handling,3,0.000082,0.000774
ordinances,3,0.000082,0.000774
immediate,3,0.000082,0.000774
class,9,0.000247,0.002052
parks,5,0.000137,0.001221
mainstream,7,0.000192,0.001644
placing,3,0.000082,0.000774
potential,10,0.000275,0.002251
identities,4,0.000110,0.001001
defend,10,0.000275,0.002251
putting,8,0.000220,0.001850
threatened,17,0.000467,0.003579
react,3,0.000082,0.000774
force,7,0.000192,0.001644
easton,5,0.000137,0.001221
pottsville,7,0.000192,0.001644
huntingdon,4,0.000110,0.001001
harrisburg,3,0.000082,0.000774
charles,3,0.000082,0.000774
studies,13,0.000357,0.002833
pennlivecom,3,0.000082,0.000774
ostensibly,4,0.000110,0.001001
entertainer,5,0.000137,0.001221
township,8,0.000220,0.001850
outer,3,0.000082,0.000774
brought,3,0.000082,0.000774
idea,21,0.000576,0.004300
features,7,0.000192,0.001644
word,21,0.000576,0.004300
extreme,5,0.000137,0.001221
health,4,0.000110,0.001001
worse,4,0.000110,0.001001
serial,10,0.000275,0.002251
murders,4,0.000110,0.001001
lehigh,4,0.000110,0.001001
questioned,3,0.000082,0.000774
hadnt,3,0.000082,0.000774
squirting,4,0.000110,0.001001
halloween,87,0.002388,0.014418
central,7,0.000192,0.001644
allow,4,0.000110,0.001001
handle,3,0.000082,0.000774
reaction,4,0.000110,0.001001
decades,7,0.000192,0.001644
profession,14,0.000384,0.003022
imposters,4,0.000110,0.001001
impersonating,3,0.000082,0.000774
martin,4,0.000110,0.001001
middlesboro,4,0.000110,0.001001
trees,5,0.000137,0.001221
adding,8,0.000220,0.001850
criminal,19,0.000522,0.003942
barbourville,3,0.000082,0.000774
encounters,11,0.000302,0.002447
maryland,11,0.000302,0.002447
meanwhile,13,0.000357,0.002833
attacking,5,0.000137,0.001221
worst,5,0.000137,0.001221
nightmare,5,0.000137,0.001221
emerging,3,0.000082,0.000774
prankster,6,0.000165,0.001435
joined,5,0.000137,0.001221
growing,5,0.000137,0.001221
list,13,0.000357,0.002833
examples,3,0.000082,0.000774
harassing,5,0.000137,0.001221
clothes,4,0.000110,0.001001
pickup,9,0.000247,0.002052
yelled,7,0.000192,0.001644
teenagers,12,0.000329,0.002641
ebensburg,3,0.000082,0.000774
prompted,10,0.000275,0.002251
advise,4,0.000110,0.001001
hoaxes,34,0.000933,0.006512
directed,4,0.000110,0.001001
loitering,3,0.000082,0.000774
performs,6,0.000165,0.001435
texas,18,0.000494,0.003762
runs,3,0.000082,0.000774
minnesota,3,0.000082,0.000774
perform,6,0.000165,0.001435
happening,11,0.000302,0.002447
paper,5,0.000137,0.001221
reading,29,0.000796,0.005681
attorney,6,0.000165,0.001435
requested,3,0.000082,0.000774
berks,3,0.000082,0.000774
fatally,5,0.000137,0.001221
stabbed,9,0.000247,0.002052
dispute,4,0.000110,0.001001
locust,4,0.000110,0.001001
gathered,5,0.000137,0.001221
memorial,4,0.000110,0.001001
christian,3,0.000082,0.000774
t,3,0.000082,0.000774
searching,5,0.000137,0.001221
urge,3,0.000082,0.000774
knows,9,0.000247,0.002052
row,4,0.000110,0.001001
crowd,3,0.000082,0.000774
scheduled,13,0.000357,0.002833
hospital,7,0.000192,0.001644
cause,16,0.000439,0.003395
issued,19,0.000522,0.003942
available,7,0.000192,0.001644
friend,11,0.000302,0.002447
issues,5,0.000137,0.001221
control,9,0.000247,0.002052
custody,6,0.000165,0.001435
spurred,3,0.000082,0.000774
theatrical,3,0.000082,0.000774
remake,6,0.000165,0.001435
king,52,0.001427,0.009352
pull,6,0.000165,0.001435
calm,7,0.000192,0.001644
phillipsburg,10,0.000275,0.002251
robert,5,0.000137,0.001221
stettner,7,0.000192,0.001644
jester,18,0.000494,0.003762
sword,6,0.000165,0.001435
borough,4,0.000110,0.001001
drove,5,0.000137,0.001221
staff,7,0.000192,0.001644
steven,3,0.000082,0.000774
vehicles,3,0.000082,0.000774
groups,6,0.000165,0.001435
rule,4,0.000110,0.001001
hunting,8,0.000220,0.001850
trouble,5,0.000137,0.001221
somebodys,3,0.000082,0.000774
popping,9,0.000247,0.002052
erie,5,0.000137,0.001221
cant,11,0.000302,0.002447
unless,4,0.000110,0.001001
parish,3,0.000082,0.000774
entered,3,0.000082,0.000774
demanded,3,0.000082,0.000774
aggressive,3,0.000082,0.000774
covington,3,0.000082,0.000774
needed,3,0.000082,0.000774
disguises,3,0.000082,0.000774
except,4,0.000110,0.001001
certain,4,0.000110,0.001001
inducing,4,0.000110,0.001001
homeland,5,0.000137,0.001221
gallatin,3,0.000082,0.000774
opinion,4,0.000110,0.001001
suggested,4,0.000110,0.001001
tied,4,0.000110,0.001001
inspired,4,0.000110,0.001001
includes,3,0.000082,0.000774
violent,11,0.000302,0.002447
yesterday,5,0.000137,0.001221
josh,10,0.000275,0.002251
messages,11,0.000302,0.002447
approaching,7,0.000192,0.001644
otherwise,5,0.000137,0.001221
simple,4,0.000110,0.001001
haunting,3,0.000082,0.000774
cincinnati,7,0.000192,0.001644
closed,14,0.000384,0.003022
phenomenon,35,0.000961,0.006675
secretary,6,0.000165,0.001435
earnest,12,0.000329,0.002641
briefed,5,0.000137,0.001221
carefully,4,0.000110,0.001001
thoroughly,5,0.000137,0.001221
perceived,5,0.000137,0.001221
prudently,4,0.000110,0.001001
host,3,0.000082,0.000774
shootings,6,0.000165,0.001435
milwaukee,3,0.000082,0.000774
father,6,0.000165,0.001435
substantiated,3,0.000082,0.000774
facial,3,0.000082,0.000774
soft,3,0.000082,0.000774
lock,7,0.000192,0.001644
system,5,0.000137,0.001221
created,16,0.000439,0.003395
beat,3,0.000082,0.000774
mississippi,4,0.000110,0.001001
hampton,14,0.000384,0.003022
outfit,5,0.000137,0.001221
hiding,10,0.000275,0.002251
jumping,12,0.000329,0.002641
virginia,15,0.000412,0.003210
augusta,4,0.000110,0.001001
fort,8,0.000220,0.001850
va,5,0.000137,0.001221
age,7,0.000192,0.001644
hood,3,0.000082,0.000774
cover,3,0.000082,0.000774
donald,7,0.000192,0.001644
river,12,0.000329,0.002641
dog,3,0.000082,0.000774
tree,4,0.000110,0.001001
lake,5,0.000137,0.001221
none,8,0.000220,0.001850
injuries,10,0.000275,0.002251
victoria,5,0.000137,0.001221
surrounding,5,0.000137,0.001221
palm,5,0.000137,0.001221
robbed,8,0.000220,0.001850
onto,10,0.000275,0.002251
campus,45,0.001235,0.008272
oct,27,0.000741,0.005342
communities,15,0.000412,0.003210
colerain,5,0.000137,0.001221
explosives,3,0.000082,0.000774
memphis,3,0.000082,0.000774
bank,4,0.000110,0.001001
amount,3,0.000082,0.000774
metro,3,0.000082,0.000774
missouri,3,0.000082,0.000774
spotting,4,0.000110,0.001001
clifton,3,0.000082,0.000774
albany,4,0.000110,0.001001
freaked,4,0.000110,0.001001
closely,7,0.000192,0.001644
danger,7,0.000192,0.001644
dan,3,0.000082,0.000774
jersey,13,0.000357,0.002833
windows,6,0.000165,0.001435
phoenix,5,0.000137,0.001221
robberies,10,0.000275,0.002251
taco,6,0.000165,0.001435
bell,6,0.000165,0.001435
dominos,6,0.000165,0.001435
robbers,4,0.000110,0.001001
robbing,3,0.000082,0.000774
syracuse,4,0.000110,0.001001
ny,4,0.000110,0.001001
houses,6,0.000165,0.001435
continued,10,0.000275,0.002251
greeted,4,0.000110,0.001001
whos,7,0.000192,0.001644
mind,5,0.000137,0.001221
reality,7,0.000192,0.001644
explanation,5,0.000137,0.001221
deep,9,0.000247,0.002052
question,9,0.000247,0.002052
childs,3,0.000082,0.000774
play,6,0.000165,0.001435
worried,13,0.000357,0.002833
begins,4,0.000110,0.001001
cut,3,0.000082,0.000774
lets,6,0.000165,0.001435
based,8,0.000220,0.001850
shit,4,0.000110,0.001001
machetewielding,3,0.000082,0.000774
excited,3,0.000082,0.000774
holiday,4,0.000110,0.001001
meant,4,0.000110,0.001001
october,34,0.000933,0.006512
deemed,6,0.000165,0.001435
pointed,5,0.000137,0.001221
notice,6,0.000165,0.001435
boston,7,0.000192,0.001644
towns,6,0.000165,0.001435
vans,3,0.000082,0.000774
alongside,3,0.000082,0.000774
cryptozoologist,5,0.000137,0.001221
loren,5,0.000137,0.001221
coleman,5,0.000137,0.001221
kansas,5,0.000137,0.001221
denver,4,0.000110,0.001001
omaha,9,0.000247,0.002052
primal,4,0.000110,0.001001
dread,5,0.000137,0.001221
experience,6,0.000165,0.001435
captured,3,0.000082,0.000774
pogo,3,0.000082,0.000774
poltergeist,4,0.000110,0.001001
underneath,3,0.000082,0.000774
bed,3,0.000082,0.000774
publics,3,0.000082,0.000774
novel,14,0.000384,0.003022
horrifying,3,0.000082,0.000774
banning,6,0.000165,0.001435
gun,11,0.000302,0.002447
videos,15,0.000412,0.003210
ends,3,0.000082,0.000774
randy,5,0.000137,0.001221
christensen,12,0.000329,0.002641
random,4,0.000110,0.001001
trickortreat,3,0.000082,0.000774
flurry,3,0.000082,0.000774
pretty,9,0.000247,0.002052
imagine,7,0.000192,0.001644
lots,5,0.000137,0.001221
notices,3,0.000082,0.000774
sees,4,0.000110,0.001001
socalled,10,0.000275,0.002251
protection,3,0.000082,0.000774
shrine,3,0.000082,0.000774
clubs,3,0.000082,0.000774
parade,3,0.000082,0.000774
moving,8,0.000220,0.001850
theyll,6,0.000165,0.001435
fellow,6,0.000165,0.001435
totally,3,0.000082,0.000774
trust,3,0.000082,0.000774
wont,6,0.000165,0.001435
faced,3,0.000082,0.000774
chatter,4,0.000110,0.001001
machetes,3,0.000082,0.000774
generally,6,0.000165,0.001435
panel,3,0.000082,0.000774
spree,3,0.000082,0.000774
election,8,0.000220,0.001850
season,9,0.000247,0.002052
largo,4,0.000110,0.001001
millions,5,0.000137,0.001221
giant,5,0.000137,0.001221
sending,4,0.000110,0.001001
laughing,15,0.000412,0.003210
resulted,4,0.000110,0.001001
rest,4,0.000110,0.001001
injured,3,0.000082,0.000774
understand,8,0.000220,0.001850
genuine,3,0.000082,0.000774
sara,3,0.000082,0.000774
terrorize,5,0.000137,0.001221
tweets,9,0.000247,0.002052
colorado,8,0.000220,0.001850
don,4,0.000110,0.001001
institutions,4,0.000110,0.001001
swatting,3,0.000082,0.000774
response,19,0.000522,0.003942
east,11,0.000302,0.002447
historical,3,0.000082,0.000774
bit,6,0.000165,0.001435
looks,6,0.000165,0.001435
surrounded,3,0.000082,0.000774
poudre,3,0.000082,0.000774
principal,5,0.000137,0.001221
powerful,3,0.000082,0.000774
threaten,5,0.000137,0.001221
fit,3,0.000082,0.000774
mesa,5,0.000137,0.001221
grand,5,0.000137,0.001221
junction,3,0.000082,0.000774
originated,3,0.000082,0.000774
greeley,3,0.000082,0.000774
administrators,5,0.000137,0.001221
female,5,0.000137,0.001221
forces,6,0.000165,0.001435
classes,6,0.000165,0.001435
psychology,10,0.000275,0.002251
creep,7,0.000192,0.001644
superintendent,5,0.000137,0.001221
babylon,10,0.000275,0.002251
locked,3,0.000082,0.000774
brentwood,8,0.000220,0.001850
suffolk,6,0.000165,0.001435
nor,6,0.000165,0.001435
intentional,3,0.000082,0.000774
trespassing,5,0.000137,0.001221
peace,9,0.000247,0.002052
feeling,12,0.000329,0.002641
stu,3,0.000082,0.000774
cameron,7,0.000192,0.001644
lifted,3,0.000082,0.000774
mischief,6,0.000165,0.001435
legal,7,0.000192,0.001644
mix,3,0.000082,0.000774
hs,3,0.000082,0.000774
tweeted,11,0.000302,0.002447
population,3,0.000082,0.000774
announcement,3,0.000082,0.000774
born,4,0.000110,0.001001
triggered,6,0.000165,0.001435
places,4,0.000110,0.001001
covered,3,0.000082,0.000774
beaver,6,0.000165,0.001435
channel,4,0.000110,0.001001
oregon,11,0.000302,0.002447
employee,4,0.000110,0.001001
teeth,3,0.000082,0.000774
malevolent,6,0.000165,0.001435
portland,7,0.000192,0.001644
sped,3,0.000082,0.000774
thinks,6,0.000165,0.001435
uptick,5,0.000137,0.001221
pete,3,0.000082,0.000774
jesters,9,0.000247,0.002052
rise,9,0.000247,0.002052
americans,18,0.000494,0.003762
tampa,3,0.000082,0.000774
product,3,0.000082,0.000774
shop,6,0.000165,0.001435
lockdowns,5,0.000137,0.001221
firing,3,0.000082,0.000774
unlike,5,0.000137,0.001221
breaks,4,0.000110,0.001001
stunts,3,0.000082,0.000774
fair,8,0.000220,0.001850
battle,4,0.000110,0.001001
northwest,3,0.000082,0.000774
tweet,5,0.000137,0.001221
assaults,3,0.000082,0.000774
bauman,3,0.000082,0.000774
owens,5,0.000137,0.001221
bat,4,0.000110,0.001001
guess,3,0.000082,0.000774
works,4,0.000110,0.001001
nearly,6,0.000165,0.001435
toms,9,0.000247,0.002052
barbara,3,0.000082,0.000774
killerclown,8,0.000220,0.001850
plaguing,3,0.000082,0.000774
fingers,4,0.000110,0.001001
hollywood,4,0.000110,0.001001
reporter,5,0.000137,0.001221
absolutely,4,0.000110,0.001001
sudden,4,0.000110,0.001001
lentz,4,0.000110,0.001001
environment,5,0.000137,0.001221
specifically,9,0.000247,0.002052
brings,3,0.000082,0.000774
path,4,0.000110,0.001001
backing,3,0.000082,0.000774
doubleday,3,0.000082,0.000774
faster,6,0.000165,0.001435
completely,6,0.000165,0.001435
corner,6,0.000165,0.001435
nervous,4,0.000110,0.001001
junior,4,0.000110,0.001001
senior,3,0.000082,0.000774
banned,5,0.000137,0.001221
linked,5,0.000137,0.001221
phobias,7,0.000192,0.001644
houston,3,0.000082,0.000774
count,4,0.000110,0.001001
electronic,4,0.000110,0.001001
joseph,3,0.000082,0.000774
davis,9,0.000247,0.002052
credibility,3,0.000082,0.000774
tomorrow,6,0.000165,0.001435
campuses,5,0.000137,0.001221
continues,4,0.000110,0.001001
frighten,7,0.000192,0.001644
decided,7,0.000192,0.001644
guys,21,0.000576,0.004300
em,14,0.000384,0.003022
kiddies,14,0.000384,0.003022
novelist,5,0.000137,0.001221
instances,5,0.000137,0.001221
dc,4,0.000110,0.001001
prince,5,0.000137,0.001221
georges,5,0.000137,0.001221
users,5,0.000137,0.001221
shut,6,0.000165,0.001435
✔,6,0.000165,0.001435
published,9,0.000247,0.002052
circulating,3,0.000082,0.000774
retweets,7,0.000192,0.001644
source,4,0.000110,0.001001
clarify,4,0.000110,0.001001
reaching,3,0.000082,0.000774
alias,3,0.000082,0.000774
future,4,0.000110,0.001001
basically,3,0.000082,0.000774
worth,8,0.000220,0.001850
break,7,0.000192,0.001644
sidewalk,4,0.000110,0.001001
distress,5,0.000137,0.001221
mostly,10,0.000275,0.002251
scanner,4,0.000110,0.001001
acts,5,0.000137,0.001221
dallas,5,0.000137,0.001221
isd,4,0.000110,0.001001
risd,4,0.000110,0.001001
images,16,0.000439,0.003395
quick,3,0.000082,0.000774
google,3,0.000082,0.000774
stephenking,4,0.000110,0.001001
hysteriamost,7,0.000192,0.001644
trump,9,0.000247,0.002052
climate,6,0.000165,0.001435
killing,8,0.000220,0.001850
yes,8,0.000220,0.001850
nope,3,0.000082,0.000774
tacoma,3,0.000082,0.000774
spokane,8,0.000220,0.001850
education,3,0.000082,0.000774
greek,5,0.000137,0.001221
pizza,3,0.000082,0.000774
gotta,3,0.000082,0.000774
nypd,8,0.000220,0.001850
ahead,4,0.000110,0.001001
commissioner,5,0.000137,0.001221
main,6,0.000165,0.001435
hype,3,0.000082,0.000774
warnings,4,0.000110,0.001001
mass,19,0.000522,0.003942
careful,4,0.000110,0.001001
written,3,0.000082,0.000774
rose,4,0.000110,0.001001
june,4,0.000110,0.001001
pittsburgh,6,0.000165,0.001435
draw,5,0.000137,0.001221
apprehended,3,0.000082,0.000774
original,4,0.000110,0.001001
eerie,6,0.000165,0.001435
schoolchildren,7,0.000192,0.001644
d,3,0.000082,0.000774
color,4,0.000110,0.001001
agree,7,0.000192,0.001644
words,7,0.000192,0.001644
haha,3,0.000082,0.000774
watching,5,0.000137,0.001221
outlets,3,0.000082,0.000774
flooded,4,0.000110,0.001001
zero,4,0.000110,0.001001
step,4,0.000110,0.001001
unrelated,3,0.000082,0.000774
mental,5,0.000137,0.001221
capacity,3,0.000082,0.000774
indiana,4,0.000110,0.001001
united,16,0.000439,0.003395
globe,5,0.000137,0.001221
arizona,13,0.000357,0.002833
republic,3,0.000082,0.000774
star,8,0.000220,0.001850
doubt,7,0.000192,0.001644
facts,3,0.000082,0.000774
fictional,4,0.000110,0.001001
derry,3,0.000082,0.000774
maine,5,0.000137,0.001221
youd,3,0.000082,0.000774
famous,5,0.000137,0.001221
racist,3,0.000082,0.000774
book,8,0.000220,0.001850
slate,3,0.000082,0.000774
readers,3,0.000082,0.000774
passed,3,0.000082,0.000774
coeur,3,0.000082,0.000774
dalene,3,0.000082,0.000774
regularly,3,0.000082,0.000774
unsettling,3,0.000082,0.000774
peoples,16,0.000439,0.003395
collective,3,0.000082,0.000774
connecticut,5,0.000137,0.001221
ban,3,0.000082,0.000774
validity,3,0.000082,0.000774
belmont,3,0.000082,0.000774
prompting,4,0.000110,0.001001
roam,4,0.000110,0.001001
bats,5,0.000137,0.001221
felt,3,0.000082,0.000774
owner,4,0.000110,0.001001
thousands,10,0.000275,0.002251
hashtag,16,0.000439,0.003395
ifiseeaclown,3,0.000082,0.000774
term,7,0.000192,0.001644
famed,3,0.000082,0.000774
author,9,0.000247,0.002052
tweeting,4,0.000110,0.001001
rap,4,0.000110,0.001001
detroit,5,0.000137,0.001221
rolling,3,0.000082,0.000774
wrong,9,0.000247,0.002052
worrying,3,0.000082,0.000774
jokes,6,0.000165,0.001435
user,6,0.000165,0.001435
lose,4,0.000110,0.001001
reactions,4,0.000110,0.001001
gregory,3,0.000082,0.000774
proof,3,0.000082,0.000774
sales,14,0.000384,0.003022
period,5,0.000137,0.001221
butler,12,0.000329,0.002641
chain,6,0.000165,0.001435
express,6,0.000165,0.001435
opener,6,0.000165,0.001435
whereas,3,0.000082,0.000774
spirit,4,0.000110,0.001001
requests,4,0.000110,0.001001
data,3,0.000082,0.000774
schulte,3,0.000082,0.000774
stores,8,0.000220,0.001850
bandwagon,4,0.000110,0.001001
committing,4,0.000110,0.001001
majority,7,0.000192,0.001644
andover,5,0.000137,0.001221
order,11,0.000302,0.002447
levin,5,0.000137,0.001221
killed,7,0.000192,0.001644
crawl,3,0.000082,0.000774
explained,7,0.000192,0.001644
thrill,4,0.000110,0.001001
merrimack,4,0.000110,0.001001
gripped,3,0.000082,0.000774
ma,8,0.000220,0.001850
univ,3,0.000082,0.000774
rhode,3,0.000082,0.000774
dedham,5,0.000137,0.001221
shore,3,0.000082,0.000774
riots,5,0.000137,0.001221
hundreds,17,0.000467,0.003579
riot,3,0.000082,0.000774
emma,3,0.000082,0.000774
hunt,13,0.000357,0.002833
mob,7,0.000192,0.001644
centredailycom,3,0.000082,0.000774
hockey,4,0.000110,0.001001
sticks,6,0.000165,0.001435
nelson,11,0.000302,0.002447
injury,3,0.000082,0.000774
political,10,0.000275,0.002251
obama,3,0.000082,0.000774
expressing,4,0.000110,0.001001
freaks,4,0.000110,0.001001
rioting,5,0.000137,0.001221
hate,4,0.000110,0.001001
illinois,3,0.000082,0.000774
dayton,6,0.000165,0.001435
chanting,3,0.000082,0.000774
carson,3,0.000082,0.000774
caption,3,0.000082,0.000774
rackets,3,0.000082,0.000774
baseball,4,0.000110,0.001001
spot,4,0.000110,0.001001
shows,8,0.000220,0.001850
demonic,4,0.000110,0.001001
projected,4,0.000110,0.001001
gathering,5,0.000137,0.001221
yall,3,0.000082,0.000774
cross,3,0.000082,0.000774
centre,5,0.000137,0.001221
indicated,3,0.000082,0.000774
intended,4,0.000110,0.001001
haven,3,0.000082,0.000774
job,6,0.000165,0.001435
entirely,4,0.000110,0.001001
lumberton,5,0.000137,0.001221
kelli,5,0.000137,0.001221
attacks,11,0.000302,0.002447
fearing,4,0.000110,0.001001
ironically,3,0.000082,0.000774
coincidence,4,0.000110,0.001001
hopes,3,0.000082,0.000774
terry,3,0.000082,0.000774
ricketts,6,0.000165,0.001435
volunteer,3,0.000082,0.000774
troupe,4,0.000110,0.001001
performed,3,0.000082,0.000774
parades,4,0.000110,0.001001
painting,3,0.000082,0.000774
sorts,3,0.000082,0.000774
staters,3,0.000082,0.000774
moved,4,0.000110,0.001001
pollock,3,0.000082,0.000774
halls,4,0.000110,0.001001
music,3,0.000082,0.000774
laughter,7,0.000192,0.001644
grew,3,0.000082,0.000774
commotion,3,0.000082,0.000774
lawn,6,0.000165,0.001435
above,3,0.000082,0.000774
screen,3,0.000082,0.000774
performing,8,0.000220,0.001850
bros,8,0.000220,0.001850
troubling,4,0.000110,0.001001
pawtucket,4,0.000110,0.001001
pires,4,0.000110,0.001001
level,4,0.000110,0.001001
anxiety,20,0.000549,0.004122
returned,3,0.000082,0.000774
massive,3,0.000082,0.000774
filmed,4,0.000110,0.001001
huge,4,0.000110,0.001001
newcastle,3,0.000082,0.000774
northumbria,4,0.000110,0.001001
toronto,6,0.000165,0.001435
died,4,0.000110,0.001001
documented,3,0.000082,0.000774
bogus,3,0.000082,0.000774
bronx,3,0.000082,0.000774
clinton,3,0.000082,0.000774
hold,4,0.000110,0.001001
ann,3,0.000082,0.000774
mich,3,0.000082,0.000774
brownstown,3,0.000082,0.000774
clerk,3,0.000082,0.000774
heights,4,0.000110,0.001001
speedway,4,0.000110,0.001001
huffman,3,0.000082,0.000774
beane,8,0.000220,0.001850
guy,6,0.000165,0.001435
register,3,0.000082,0.000774
giving,6,0.000165,0.001435
bloodyelmore,10,0.000275,0.002251
shouldnt,4,0.000110,0.001001
killers,11,0.000302,0.002447
criminals,4,0.000110,0.001001
describe,4,0.000110,0.001001
highly,3,0.000082,0.000774
da,3,0.000082,0.000774
scar,3,0.000082,0.000774
apparent,3,0.000082,0.000774
answer,4,0.000110,0.001001
girls,9,0.000247,0.002052
tales,4,0.000110,0.001001
cracking,3,0.000082,0.000774
longer,4,0.000110,0.001001
meet,9,0.000247,0.002052
wind,3,0.000082,0.000774
beating,3,0.000082,0.000774
unlikely,4,0.000110,0.001001
event,16,0.000439,0.003395
means,3,0.000082,0.000774
della,3,0.000082,0.000774
fave,3,0.000082,0.000774
prosecutors,3,0.000082,0.000774
intermediate,4,0.000110,0.001001
sharp,3,0.000082,0.000774
statements,4,0.000110,0.001001
folklore,6,0.000165,0.001435
mythical,3,0.000082,0.000774
bigfoot,3,0.000082,0.000774
loch,3,0.000082,0.000774
ness,3,0.000082,0.000774
proliferation,3,0.000082,0.000774
study,8,0.000220,0.001850
hospitals,4,0.000110,0.001001
creepiness,12,0.000329,0.002641
journal,3,0.000082,0.000774
explain,3,0.000082,0.000774
expression,4,0.000110,0.001001
discomfort,4,0.000110,0.001001
ancient,4,0.000110,0.001001
english,5,0.000137,0.001221
foolish,3,0.000082,0.000774
plays,5,0.000137,0.001221
century,6,0.000165,0.001435
changed,3,0.000082,0.000774
writer,3,0.000082,0.000774
benjamin,4,0.000110,0.001001
radford,20,0.000549,0.004122
unpredictable,3,0.000082,0.000774
ambiguity,3,0.000082,0.000774
ranging,3,0.000082,0.000774
fill,3,0.000082,0.000774
patterns,3,0.000082,0.000774
physical,7,0.000192,0.001644
characteristics,3,0.000082,0.000774
perceive,3,0.000082,0.000774
males,3,0.000082,0.000774
important,5,0.000137,0.001221
considered,3,0.000082,0.000774
rami,4,0.000110,0.001001
nader,8,0.000220,0.001850
irrational,3,0.000082,0.000774
hide,4,0.000110,0.001001
feelings,3,0.000082,0.000774
pie,4,0.000110,0.001001
unified,3,0.000082,0.000774
capital,3,0.000082,0.000774
livelihood,3,0.000082,0.000774
cheap,4,0.000110,0.001001
fright,7,0.000192,0.001644
rubber,6,0.000165,0.001435
chainsaw,3,0.000082,0.000774
doctor,4,0.000110,0.001001
creepyclown,8,0.000220,0.001850
hire,4,0.000110,0.001001
chuckles,4,0.000110,0.001001
center,7,0.000192,0.001644
affected,3,0.000082,0.000774
program,4,0.000110,0.001001
perception,3,0.000082,0.000774
retailer,3,0.000082,0.000774
culture,7,0.000192,0.001644
ambiguous,3,0.000082,0.000774
figures,5,0.000137,0.001221
trickster,3,0.000082,0.000774
overall,3,0.000082,0.000774
legend,5,0.000137,0.001221
perfect,3,0.000082,0.000774
professionals,3,0.000082,0.000774
entertain,3,0.000082,0.000774
silly,4,0.000110,0.001001
enjoy,3,0.000082,0.000774
ballard,4,0.000110,0.001001
kathy,3,0.000082,0.000774
cannon,3,0.000082,0.000774
regular,3,0.000082,0.000774
des,6,0.000165,0.001435
moines,6,0.000165,0.001435
harding,3,0.000082,0.000774
unsubstantiated,6,0.000165,0.001435
cancelled,3,0.000082,0.000774
ridiculous,3,0.000082,0.000774
vast,4,0.000110,0.001001
moment,6,0.000165,0.001435
seasons,3,0.000082,0.000774
planning,6,0.000165,0.001435
innocent,4,0.000110,0.001001
mcdonalds,15,0.000412,0.003210
britain,4,0.000110,0.001001
aged,4,0.000110,0.001001
wales,4,0.000110,0.001001
era,3,0.000082,0.000774
element,3,0.000082,0.000774
surprise,3,0.000082,0.000774
half,5,0.000137,0.001221
panics,3,0.000082,0.000774
followers,7,0.000192,0.001644
flynn,7,0.000192,0.001644
stage,4,0.000110,0.001001
uncomfortable,6,0.000165,0.001435
utah,5,0.000137,0.001221
orem,6,0.000165,0.001435
answered,4,0.000110,0.001001
target,8,0.000220,0.001850
racial,4,0.000110,0.001001
prevalent,3,0.000082,0.000774
predators,3,0.000082,0.000774
tnhighwaypatrol,3,0.000082,0.000774
terrorism,3,0.000082,0.000774
surge,4,0.000110,0.001001
underlying,4,0.000110,0.001001
heads,3,0.000082,0.000774
british,5,0.000137,0.001221
leak,3,0.000082,0.000774
context,4,0.000110,0.001001
exclusive,4,0.000110,0.001001
michael,4,0.000110,0.001001
upset,3,0.000082,0.000774
selling,6,0.000165,0.001435
team,3,0.000082,0.000774
points,16,0.000439,0.003395
cell,4,0.000110,0.001001
texts,4,0.000110,0.001001
welch,4,0.000110,0.001001
kiser,4,0.000110,0.001001
smear,4,0.000110,0.001001
ashes,4,0.000110,0.001001
writes,3,0.000082,0.000774
float,3,0.000082,0.000774
tucson,13,0.000357,0.002833
nikki,5,0.000137,0.001221
sinn,10,0.000275,0.002251
peaceful,9,0.000247,0.002052
psycho,9,0.000247,0.002052
hug,7,0.000192,0.001644
invited,7,0.000192,0.001644
organizer,9,0.000247,0.002052
suspicion,3,0.000082,0.000774
traveling,4,0.000110,0.001001
walton,4,0.000110,0.001001
insensitive,4,0.000110,0.001001
passenger,3,0.000082,0.000774
pulled,5,0.000137,0.001221
paramus,3,0.000082,0.000774
occupants,3,0.000082,0.000774
metzler,4,0.000110,0.001001
passengers,3,0.000082,0.000774
moreno,3,0.000082,0.000774
families,6,0.000165,0.001435
sell,4,0.000110,0.001001
centuries,3,0.000082,0.000774
tradition,5,0.000137,0.001221
locations,3,0.000082,0.000774
viner,6,0.000165,0.001435
viners,3,0.000082,0.000774
entertaining,3,0.000082,0.000774
animals,5,0.000137,0.001221
lost,3,0.000082,0.000774
blackface,4,0.000110,0.001001
exaggerated,5,0.000137,0.001221
mcandrews,3,0.000082,0.000774
waianae,5,0.000137,0.001221
hawaii,3,0.000082,0.000774
army,4,0.000110,0.001001
los,7,0.000192,0.001644
angeles,7,0.000192,0.001644
unarmed,3,0.000082,0.000774
demented,6,0.000165,0.001435
reallife,4,0.000110,0.001001
yourself,6,0.000165,0.001435
gigs,5,0.000137,0.001221
bookings,3,0.000082,0.000774
cunningham,4,0.000110,0.001001
lecturer,4,0.000110,0.001001
venue,3,0.000082,0.000774
expert,5,0.000137,0.001221
ringing,3,0.000082,0.000774
pick,3,0.000082,0.000774
version,7,0.000192,0.001644
marysville,6,0.000165,0.001435
sacramento,3,0.000082,0.000774
sachs,3,0.000082,0.000774
affect,3,0.000082,0.000774
schooley,4,0.000110,0.001001
ruining,3,0.000082,0.000774
intentionally,3,0.000082,0.000774
blood,3,0.000082,0.000774
forced,3,0.000082,0.000774
trickortreating,3,0.000082,0.000774
trending,3,0.000082,0.000774
swept,5,0.000137,0.001221
tend,4,0.000110,0.001001
icp,3,0.000082,0.000774
basic,3,0.000082,0.000774
scarier,4,0.000110,0.001001
michigan,4,0.000110,0.001001
writing,3,0.000082,0.000774
festival,5,0.000137,0.001221
sensationalized,4,0.000110,0.001001
australia,6,0.000165,0.001435
subway,3,0.000082,0.000774
bother,3,0.000082,0.000774
global,4,0.000110,0.001001
warming,3,0.000082,0.000774
planned,4,0.000110,0.001001
contexts,3,0.000082,0.000774
slenderman,5,0.000137,0.001221
otherness,3,0.000082,0.000774
relax,3,0.000082,0.000774
basement,3,0.000082,0.000774
modern,6,0.000165,0.001435
sits,3,0.000082,0.000774
speaking,3,0.000082,0.000774
laughs,4,0.000110,0.001001
dickens,3,0.000082,0.000774
daughters,3,0.000082,0.000774
fairhope,3,0.000082,0.000774
studied,3,0.000082,0.000774
rising,3,0.000082,0.000774
increasingly,3,0.000082,0.000774
imagination,4,0.000110,0.001001
fad,4,0.000110,0.001001
myth,4,0.000110,0.001001
classic,4,0.000110,0.001001
legends,9,0.000247,0.002052
idiot,3,0.000082,0.000774
dresses,3,0.000082,0.000774
alternate,3,0.000082,0.000774
organized,7,0.000192,0.001644
squad,3,0.000082,0.000774
pulls,3,0.000082,0.000774
shops,4,0.000110,0.001001
remove,3,0.000082,0.000774
sale,5,0.000137,0.001221
branded,6,0.000165,0.001435
irresponsible,6,0.000165,0.001435
filming,3,0.000082,0.000774
essex,4,0.000110,0.001001
recorded,3,0.000082,0.000774
behaviour,8,0.000220,0.001850
canada,3,0.000082,0.000774
anger,3,0.000082,0.000774
offences,3,0.000082,0.000774
corporate,3,0.000082,0.000774
mascot,3,0.000082,0.000774
thoughtful,4,0.000110,0.001001
participation,3,0.000082,0.000774
ben,4,0.000110,0.001001
huffpost,3,0.000082,0.000774
matteo,4,0.000110,0.001001
fell,3,0.000082,0.000774
derbyshire,3,0.000082,0.000774
charlie,3,0.000082,0.000774
scale,3,0.000082,0.000774
ways,3,0.000082,0.000774
wigs,3,0.000082,0.000774
comic,3,0.000082,0.000774
clownlivesmatter,4,0.000110,0.001001
originally,3,0.000082,0.000774
depicted,3,0.000082,0.000774
liminal,4,0.000110,0.001001
marked,3,0.000082,0.000774
fuel,3,0.000082,0.000774
immigration,3,0.000082,0.000774
immigrants,4,0.000110,0.001001
europe,5,0.000137,0.001221
clinging,3,0.000082,0.000774
shakespeares,3,0.000082,0.000774
stańczyk,4,0.000110,0.001001
loss,4,0.000110,0.001001
encouraged,5,0.000137,0.001221
gutierrez,4,0.000110,0.001001
dugan,3,0.000082,0.000774
trained,4,0.000110,0.001001
milhollan,4,0.000110,0.001001
slappy,4,0.000110,0.001001
pisoni,6,0.000165,0.001435
documentary,3,0.000082,0.000774
assortment,3,0.000082,0.000774
phd,3,0.000082,0.000774
hammond,4,0.000110,0.001001
poll,8,0.000220,0.001850
respondents,4,0.000110,0.001001
somehow,3,0.000082,0.000774
muldrow,5,0.000137,0.001221
bobo,3,0.000082,0.000774
dalton,5,0.000137,0.001221
henry,16,0.000439,0.003395
dude,12,0.000329,0.002641
fucking,11,0.000302,0.002447
fuck,6,0.000165,0.001435
huh,4,0.000110,0.001001
bam,3,0.000082,0.000774
eligmons,3,0.000082,0.000774
