Number of words,47289
Number of unique words,3341
Average word frequency,14.154145
Entropy,7.210256

Word,Frequency,Proportion,Entropy Term
ohio,34,0.000719,0.005204
school,317,0.006703,0.033552
district,41,0.000867,0.006113
closed,19,0.000402,0.003142
schools,149,0.003151,0.018149
today,38,0.000804,0.005727
reports,326,0.006894,0.034311
woman,97,0.002051,0.012696
attacked,20,0.000423,0.003285
man,159,0.003362,0.019149
dressed,183,0.003870,0.021495
clown,1717,0.036309,0.120389
cincinnati,7,0.000148,0.001305
reading,40,0.000846,0.005985
announcement,3,0.000063,0.000613
overnight,3,0.000063,0.000613
officials,50,0.001057,0.007245
attack,22,0.000465,0.003570
suspect,28,0.000592,0.004400
threat,90,0.001903,0.011922
students,124,0.002622,0.015586
grabbed,25,0.000529,0.003989
neck,5,0.000106,0.000968
remains,4,0.000085,0.000793
loose,9,0.000190,0.001630
threats,175,0.003701,0.020721
safety,60,0.001269,0.008462
seriously,57,0.001205,0.008101
especially,21,0.000444,0.003428
concerned,24,0.000508,0.003850
number,28,0.000592,0.004400
walk,28,0.000592,0.004400
morning,38,0.000804,0.005727
hours,39,0.000825,0.005856
decision,10,0.000211,0.001789
close,14,0.000296,0.002405
working,26,0.000550,0.004127
closely,7,0.000148,0.001305
police,707,0.014951,0.062838
matter,55,0.001163,0.007858
stated,14,0.000296,0.002405
victim,24,0.000508,0.003850
porch,3,0.000063,0.000613
approached,12,0.000254,0.002101
kill,31,0.000656,0.004805
reported,216,0.004568,0.024614
allegedly,45,0.000952,0.006621
area,131,0.002770,0.016313
wish,7,0.000148,0.001305
born,4,0.000085,0.000793
wearing,117,0.002474,0.014849
outfit,7,0.000148,0.001305
red,73,0.001544,0.009993
wig,18,0.000381,0.002997
white,101,0.002136,0.013133
mask,121,0.002559,0.015271
incident,89,0.001882,0.011811
comes,28,0.000592,0.004400
arrested,88,0.001861,0.011699
juvenile,15,0.000317,0.002555
colerain,5,0.000106,0.000968
township,8,0.000169,0.001469
high,77,0.001628,0.010454
creepy,308,0.006513,0.032787
incidents,64,0.001353,0.008939
popping,13,0.000275,0.002254
country,82,0.001734,0.011024
social,150,0.003172,0.018250
media,167,0.003531,0.019939
driving,25,0.000529,0.003989
trend,34,0.000719,0.005204
kids,179,0.003785,0.021109
georgia,32,0.000677,0.004939
weeks,39,0.000825,0.005856
chased,51,0.001078,0.007368
bus,26,0.000550,0.004127
stop,59,0.001248,0.008342
clowns,1085,0.022944,0.086607
juveniles,12,0.000254,0.002101
triggered,6,0.000127,0.001138
lockdown,20,0.000423,0.003285
alabama,39,0.000825,0.005856
latest,25,0.000529,0.003989
spotted,44,0.000930,0.006494
forest,14,0.000296,0.002405
north,81,0.001713,0.010910
carolina,150,0.003172,0.018250
machete,25,0.000529,0.003989
edge,17,0.000359,0.002851
calling,23,0.000486,0.003710
people,530,0.011208,0.050335
reportedly,41,0.000867,0.006113
woods,238,0.005033,0.026633
greensboro,20,0.000423,0.003285
following,26,0.000550,0.004127
recent,75,0.001586,0.010224
lure,114,0.002411,0.014531
winstonsalem,17,0.000359,0.002851
south,130,0.002749,0.016210
carolinas,3,0.000063,0.000613
witness,12,0.000254,0.002101
called,97,0.002051,0.012696
report,135,0.002855,0.016726
seeing,79,0.001671,0.010683
someone,133,0.002812,0.016520
scary,119,0.002516,0.015061
curly,7,0.000148,0.001305
yellow,9,0.000190,0.001630
dotted,6,0.000127,0.001138
shirt,20,0.000423,0.003285
blue,18,0.000381,0.002997
pants,19,0.000402,0.003142
shoes,23,0.000486,0.003710
leaving,10,0.000211,0.001789
apartment,92,0.001945,0.012144
complex,79,0.001671,0.010683
officers,67,0.001417,0.009293
unable,9,0.000190,0.001630
find,78,0.001649,0.010568
matching,4,0.000085,0.000793
description,9,0.000190,0.001630
chris,6,0.000127,0.001138
bass,4,0.000085,0.000793
lives,36,0.000761,0.005466
wife,11,0.000233,0.001946
children,295,0.006238,0.031672
balcony,3,0.000063,0.000613
saw,126,0.002664,0.015794
chase,10,0.000211,0.001789
instinct,3,0.000063,0.000613
sighting,53,0.001121,0.007614
days,47,0.000994,0.006872
treats,10,0.000211,0.001789
second,18,0.000381,0.002997
night,139,0.002939,0.017135
miles,11,0.000233,0.001946
wielding,15,0.000317,0.002555
forsyth,6,0.000127,0.001138
county,156,0.003299,0.018850
sheriffs,78,0.001649,0.010568
office,81,0.001713,0.010910
described,17,0.000359,0.002851
having,30,0.000634,0.004671
bushy,8,0.000169,0.001469
hair,50,0.001057,0.007245
nose,45,0.000952,0.006621
black,54,0.001142,0.007737
gloves,13,0.000275,0.002254
tie,3,0.000063,0.000613
story,46,0.000973,0.006746
week,94,0.001988,0.012365
greenville,168,0.003553,0.020037
talking,20,0.000423,0.003285
involved,20,0.000423,0.003285
citing,4,0.000085,0.000793
heightened,12,0.000254,0.002101
tensions,8,0.000169,0.001469
authorities,60,0.001269,0.008462
participating,3,0.000063,0.000613
copycat,11,0.000233,0.001946
behavior,19,0.000402,0.003142
unnecessarily,3,0.000063,0.000613
increase,14,0.000296,0.002405
public,92,0.001945,0.012144
alarm,23,0.000486,0.003710
drain,5,0.000106,0.000968
resources,13,0.000275,0.002254
know,140,0.002961,0.017237
fake,25,0.000529,0.003989
video,56,0.001184,0.007980
pictures,27,0.000571,0.004264
friend,22,0.000465,0.003570
son,36,0.000761,0.005466
sent,44,0.000930,0.006494
teen,10,0.000211,0.001789
person,135,0.002855,0.016726
playing,24,0.000508,0.003850
prank,42,0.000888,0.006241
news,121,0.002559,0.015271
everywhere,9,0.000190,0.001630
warning,35,0.000740,0.005335
simply,25,0.000529,0.003989
careful,6,0.000127,0.001138
cautious,5,0.000106,0.000968
lookout,3,0.000063,0.000613
batman,6,0.000127,0.001138
scare,64,0.001353,0.008939
cumbria,5,0.000106,0.000968
killer,48,0.001015,0.006996
craze,40,0.000846,0.005985
community,51,0.001078,0.007368
feel,51,0.001078,0.007368
chasing,40,0.000846,0.005985
giving,10,0.000211,0.001789
nights,5,0.000106,0.000968
due,21,0.000444,0.003428
antics,4,0.000085,0.000793
scared,35,0.000740,0.005335
affected,4,0.000085,0.000793
need,50,0.001057,0.007245
worry,9,0.000190,0.001630
anymore,22,0.000465,0.003570
care,7,0.000148,0.001305
bakersfield,5,0.000106,0.000968
california,13,0.000275,0.002254
ap,6,0.000127,0.001138
causing,15,0.000317,0.002555
stir,3,0.000063,0.000613
san,9,0.000190,0.001630
valley,17,0.000359,0.002851
saturday,12,0.000254,0.002101
responded,30,0.000634,0.004671
holding,20,0.000423,0.003285
firearm,3,0.000063,0.000613
searched,10,0.000211,0.001789
during,36,0.000761,0.005466
received,106,0.002242,0.013675
numerous,13,0.000275,0.002254
calls,54,0.001142,0.007737
mischievous,6,0.000127,0.001138
newspaper,6,0.000127,0.001138
minor,5,0.000106,0.000968
acknowledged,4,0.000085,0.000793
dressing,52,0.001100,0.007491
younger,7,0.000148,0.001305
listen,5,0.000106,0.000968
makeup,46,0.000973,0.006746
pick,6,0.000127,0.001138
profession,14,0.000296,0.002405
rubber,6,0.000127,0.001138
phone,39,0.000825,0.005856
art,20,0.000423,0.003285
form,20,0.000423,0.003285
joy,6,0.000127,0.001138
bobo,3,0.000063,0.000613
youve,13,0.000275,0.002254
fun,49,0.001036,0.007121
local,74,0.001565,0.010109
threatening,50,0.001057,0.007245
targeting,7,0.000148,0.001305
halloween,96,0.002030,0.012586
youll,15,0.000317,0.002555
probably,51,0.001078,0.007368
crawl,3,0.000063,0.000613
classes,9,0.000190,0.001630
place,53,0.001121,0.007614
jokes,7,0.000148,0.001305
balloon,13,0.000275,0.002254
animals,7,0.000148,0.001305
rumors,26,0.000550,0.004127
feed,4,0.000085,0.000793
hysteria,84,0.001776,0.011250
lead,16,0.000338,0.002704
lockdowns,5,0.000106,0.000968
arrests,30,0.000634,0.004671
call,86,0.001819,0.011475
folks,6,0.000127,0.001138
owner,4,0.000085,0.000793
center,7,0.000148,0.001305
ring,4,0.000085,0.000793
circus,39,0.000825,0.005856
columbia,5,0.000106,0.000968
md,5,0.000106,0.000968
coat,7,0.000148,0.001305
wouldnt,32,0.000677,0.004939
scaring,32,0.000677,0.004939
trained,4,0.000085,0.000793
ive,21,0.000444,0.003428
doctor,4,0.000085,0.000793
degree,3,0.000063,0.000613
ringling,11,0.000233,0.001946
bros,8,0.000169,0.001469
barnum,7,0.000148,0.001305
bailey,6,0.000127,0.001138
college,31,0.000656,0.004805
spent,6,0.000127,0.001138
years,49,0.001036,0.007121
met,12,0.000254,0.002101
join,6,0.000127,0.001138
home,83,0.001755,0.011137
anyway,5,0.000106,0.000968
whole,34,0.000719,0.005204
nothing,59,0.001248,0.008342
professional,37,0.000782,0.005597
movies,12,0.000254,0.002101
poltergeist,4,0.000085,0.000793
stephen,53,0.001121,0.007614
kings,24,0.000508,0.003850
featured,3,0.000063,0.000613
unfortunately,4,0.000085,0.000793
started,73,0.001544,0.009993
continued,13,0.000275,0.002254
hear,12,0.000254,0.002101
word,25,0.000529,0.003989
record,7,0.000148,0.001305
king,52,0.001100,0.007491
twitter,50,0.001057,0.007245
followers,7,0.000148,0.001305
cool,32,0.000677,0.004939
damage,9,0.000190,0.001630
done,18,0.000381,0.002997
sightings,319,0.006746,0.033721
copycats,15,0.000317,0.002555
hoaxes,35,0.000740,0.005335
elementary,22,0.000465,0.003570
banning,8,0.000169,0.001469
costumes,66,0.001396,0.009176
development,3,0.000063,0.000613
alone,33,0.000698,0.005072
fill,3,0.000063,0.000613
river,12,0.000254,0.002101
tears,6,0.000127,0.001138
everything,38,0.000804,0.005727
describe,5,0.000106,0.000968
themselves,21,0.000444,0.003428
theyll,8,0.000169,0.001469
artist,6,0.000127,0.001138
entertainer,5,0.000106,0.000968
exact,7,0.000148,0.001305
funny,46,0.000973,0.006746
dalton,5,0.000106,0.000968
isnt,39,0.000825,0.005856
without,22,0.000465,0.003570
change,13,0.000275,0.002254
face,106,0.002242,0.013675
childrens,29,0.000613,0.004536
hospitals,4,0.000085,0.000793
helping,3,0.000063,0.000613
sick,12,0.000254,0.002101
worried,18,0.000381,0.002997
parents,86,0.001819,0.011475
smile,27,0.000571,0.004264
minutes,24,0.000508,0.003850
bother,5,0.000106,0.000968
attempt,12,0.000254,0.002101
ruin,3,0.000063,0.000613
something,105,0.002220,0.013567
innocent,5,0.000106,0.000968
lot,43,0.000909,0.006368
looking,35,0.000740,0.005335
society,15,0.000317,0.002555
group,40,0.000846,0.005985
human,10,0.000211,0.001789
believe,40,0.000846,0.005985
laugh,44,0.000930,0.006494
stretch,3,0.000063,0.000613
business,15,0.000317,0.002555
havent,21,0.000444,0.003428
quick,8,0.000169,0.001469
hire,6,0.000127,0.001138
birthday,7,0.000148,0.001305
parties,15,0.000317,0.002555
events,24,0.000508,0.003850
appearances,9,0.000190,0.001630
aggressive,3,0.000063,0.000613
frightening,17,0.000359,0.002851
doesnt,26,0.000550,0.004127
fear,96,0.002030,0.012586
europe,5,0.000106,0.000968
mental,5,0.000106,0.000968
break,14,0.000296,0.002405
shes,17,0.000359,0.002851
hoping,10,0.000211,0.001789
gets,16,0.000338,0.002704
passed,12,0.000254,0.002101
joseph,3,0.000063,0.000613
chuckles,4,0.000085,0.000793
case,35,0.000740,0.005335
hes,19,0.000402,0.003142
although,16,0.000338,0.002704
seems,19,0.000402,0.003142
considering,6,0.000127,0.001138
hanging,14,0.000296,0.002405
hat,18,0.000381,0.002997
sad,13,0.000275,0.002254
puts,6,0.000127,0.001138
bad,37,0.000782,0.005597
light,17,0.000359,0.002851
imagine,10,0.000211,0.001789
die,7,0.000148,0.001305
leave,24,0.000508,0.003850
joke,22,0.000465,0.003570
eat,9,0.000190,0.001630
cause,18,0.000381,0.002997
afraid,46,0.000973,0.006746
taste,3,0.000063,0.000613
send,14,0.000296,0.002405
target,9,0.000190,0.001630
selling,6,0.000127,0.001138
masks,63,0.001332,0.008821
amid,12,0.000254,0.002101
rash,28,0.000592,0.004400
attacks,13,0.000275,0.002254
terrorized,5,0.000106,0.000968
united,16,0.000338,0.002704
states,67,0.001417,0.009293
months,283,0.005984,0.030632
company,13,0.000275,0.002254
spokesman,26,0.000550,0.004127
given,18,0.000381,0.002997
current,24,0.000508,0.003850
environment,6,0.000127,0.001138
remove,3,0.000063,0.000613
assortment,3,0.000063,0.000613
stores,8,0.000169,0.001469
online,42,0.000888,0.006241
thomas,4,0.000085,0.000793
email,16,0.000338,0.002704
retailer,3,0.000063,0.000613
clarify,4,0.000085,0.000793
affect,3,0.000063,0.000613
seemed,24,0.000508,0.003850
quietly,3,0.000063,0.000613
stopped,14,0.000296,0.002405
website,9,0.000190,0.001630
entirely,5,0.000106,0.000968
searches,3,0.000063,0.000613
turned,53,0.001121,0.007614
links,5,0.000106,0.000968
search,15,0.000317,0.002555
led,14,0.000296,0.002405
message,38,0.000804,0.005727
product,3,0.000063,0.000613
available,8,0.000169,0.001469
suits,4,0.000085,0.000793
outfits,9,0.000190,0.001630
apparently,18,0.000381,0.002997
sale,6,0.000127,0.001138
frenzy,13,0.000275,0.002254
reached,34,0.000719,0.005204
washington,18,0.000381,0.002997
posts,30,0.000634,0.004671
ben,4,0.000085,0.000793
october,34,0.000719,0.005204
ground,17,0.000359,0.002851
zero,4,0.000085,0.000793
august,57,0.001205,0.008101
emergency,4,0.000085,0.000793
residents,86,0.001819,0.011475
prompted,10,0.000211,0.001789
deputies,62,0.001311,0.008702
nearby,18,0.000381,0.002997
criminal,21,0.000444,0.003428
warned,28,0.000592,0.004400
property,42,0.000888,0.006241
manager,16,0.000338,0.002704
fleetwood,57,0.001205,0.008101
manor,55,0.001163,0.007858
apartments,55,0.001163,0.007858
began,51,0.001078,0.007368
memes,3,0.000063,0.000613
pranks,27,0.000571,0.004264
cases,33,0.000698,0.005072
evidence,43,0.000909,0.006368
stealing,3,0.000063,0.000613
planning,8,0.000169,0.001469
images,16,0.000338,0.002704
associated,13,0.000275,0.002254
mischief,7,0.000148,0.001305
violent,12,0.000254,0.002101
such,49,0.001036,0.007121
horror,40,0.000846,0.005985
author,9,0.000190,0.001630
step,7,0.000148,0.001305
peoples,18,0.000381,0.002997
fears,22,0.000465,0.003570
corporate,3,0.000063,0.000613
hit,31,0.000656,0.004805
sales,14,0.000296,0.002405
year,56,0.001184,0.007980
creepyclown,8,0.000169,0.001469
michigan,4,0.000085,0.000793
less,19,0.000402,0.003142
customers,4,0.000085,0.000793
hurt,30,0.000634,0.004671
else,38,0.000804,0.005727
detroit,5,0.000106,0.000968
worth,11,0.000233,0.001946
epidemic,16,0.000338,0.002704
mysterious,8,0.000169,0.001469
cash,13,0.000275,0.002254
buying,3,0.000063,0.000613
evil,50,0.001057,0.007245
ones,16,0.000338,0.002704
percent,13,0.000275,0.002254
express,6,0.000127,0.001138
brad,6,0.000127,0.001138
butler,12,0.000254,0.002101
frankly,4,0.000085,0.000793
opinion,6,0.000127,0.001138
site,10,0.000211,0.001789
truth,9,0.000190,0.001630
image,27,0.000571,0.004264
world,39,0.000825,0.005856
association,13,0.000275,0.002254
president,20,0.000423,0.003285
randy,5,0.000106,0.000968
christensen,12,0.000254,0.002101
recently,41,0.000867,0.006113
whoever,5,0.000106,0.000968
crazy,11,0.000233,0.001946
stuff,15,0.000317,0.002555
focus,7,0.000148,0.001305
provide,3,0.000063,0.000613
positive,7,0.000148,0.001305
clowning,39,0.000825,0.005856
somebody,20,0.000423,0.003285
dresses,3,0.000063,0.000613
chainsaw,3,0.000063,0.000613
tucson,13,0.000275,0.002254
scheduled,13,0.000275,0.002254
march,27,0.000571,0.004264
response,20,0.000423,0.003285
arizona,13,0.000275,0.002254
republic,3,0.000063,0.000613
organizer,9,0.000190,0.001630
nikki,5,0.000106,0.000968
sinn,10,0.000211,0.001789
paper,7,0.000148,0.001305
wasnt,75,0.001586,0.010224
scares,6,0.000127,0.001138
safe,36,0.000761,0.005466
bit,35,0.000740,0.005335
canceled,14,0.000296,0.002405
facebook,86,0.001819,0.011475
page,32,0.000677,0.004939
death,19,0.000402,0.003142
harassment,10,0.000211,0.001789
turns,8,0.000169,0.001469
bizarre,8,0.000169,0.001469
arent,24,0.000508,0.003850
america,26,0.000550,0.004127
trope,6,0.000127,0.001138
haunted,11,0.000233,0.001946
houses,6,0.000127,0.001138
always,37,0.000782,0.005597
sighed,10,0.000211,0.001789
happens,5,0.000106,0.000968
stay,20,0.000423,0.003285
side,30,0.000634,0.004671
bringing,8,0.000169,0.001469
giggles,3,0.000063,0.000613
hope,30,0.000634,0.004671
okay,25,0.000529,0.003989
mr,11,0.000233,0.001946
sweeping,14,0.000296,0.002405
nation,33,0.000698,0.005072
beast,5,0.000106,0.000968
random,7,0.000148,0.001305
harassing,5,0.000106,0.000968
outside,51,0.001078,0.007368
trickortreat,3,0.000063,0.000613
minnesota,3,0.000063,0.000613
swear,4,0.000085,0.000793
see,142,0.003003,0.017441
wonder,8,0.000169,0.001469
state,87,0.001840,0.011587
car,48,0.001015,0.006996
full,38,0.000804,0.005727
possibly,22,0.000465,0.003570
armed,34,0.000719,0.005204
york,39,0.000825,0.005856
pennsylvania,32,0.000677,0.004939
campus,46,0.000973,0.006746
investigated,15,0.000317,0.002555
hiding,12,0.000254,0.002101
bushes,10,0.000211,0.001789
jumping,13,0.000275,0.002254
lancaster,6,0.000127,0.001138
large,33,0.000698,0.005072
kitchen,10,0.000211,0.001789
knife,35,0.000740,0.005335
imposters,4,0.000085,0.000793
master,7,0.000148,0.001305
serious,34,0.000719,0.005204
furious,8,0.000169,0.001469
several,97,0.002051,0.012696
stories,25,0.000529,0.003989
viral,27,0.000571,0.004264
flurry,3,0.000063,0.000613
photos,13,0.000275,0.002254
dark,27,0.000571,0.004264
freaked,6,0.000127,0.001138
getting,46,0.000973,0.006746
pretty,28,0.000592,0.004400
far,44,0.000930,0.006494
major,3,0.000063,0.000613
lots,5,0.000106,0.000968
cops,18,0.000381,0.002997
running,50,0.001057,0.007245
towns,6,0.000127,0.001138
soundtrack,3,0.000063,0.000613
augusta,4,0.000085,0.000793
va,6,0.000127,0.001138
fed,3,0.000063,0.000613
issued,19,0.000402,0.003142
release,21,0.000444,0.003428
class,35,0.000740,0.005335
felony,9,0.000190,0.001630
chief,34,0.000719,0.005204
wva,3,0.000063,0.000613
anticlown,3,0.000063,0.000613
notices,3,0.000063,0.000613
posted,54,0.001142,0.007737
town,42,0.000888,0.006241
sees,4,0.000085,0.000793
defend,13,0.000275,0.002254
normal,11,0.000233,0.001946
idiots,7,0.000148,0.001305
stand,6,0.000127,0.001138
feels,6,0.000127,0.001138
protect,5,0.000106,0.000968
socalled,10,0.000211,0.001789
suit,17,0.000359,0.002851
expect,3,0.000063,0.000613
citizens,15,0.000317,0.002555
beat,5,0.000106,0.000968
own,26,0.000550,0.004127
protection,4,0.000085,0.000793
please,30,0.000634,0.004671
members,8,0.000169,0.001469
shrine,3,0.000063,0.000613
clubs,3,0.000063,0.000613
unit,4,0.000085,0.000793
maryland,11,0.000233,0.001946
announced,7,0.000148,0.001305
pulling,5,0.000106,0.000968
annual,4,0.000085,0.000793
evening,19,0.000402,0.003142
parade,3,0.000063,0.000613
keep,36,0.000761,0.005466
moving,11,0.000233,0.001946
give,18,0.000381,0.002997
space,7,0.000148,0.001305
usually,15,0.000317,0.002555
live,18,0.000381,0.002997
entire,14,0.000296,0.002405
twisted,3,0.000063,0.000613
fellow,6,0.000127,0.001138
totally,7,0.000148,0.001305
blog,5,0.000106,0.000968
youtube,4,0.000085,0.000793
videos,19,0.000402,0.003142
squirting,4,0.000085,0.000793
becoming,5,0.000106,0.000968
anybody,6,0.000127,0.001138
officer,39,0.000825,0.005856
someones,3,0.000063,0.000613
trust,8,0.000169,0.001469
kidnap,9,0.000190,0.001630
child,56,0.001184,0.007980
kidnapped,4,0.000085,0.000793
theyd,9,0.000190,0.001630
impersonating,3,0.000063,0.000613
audience,4,0.000085,0.000793
member,7,0.000148,0.001305
wont,7,0.000148,0.001305
better,18,0.000381,0.002997
argue,3,0.000063,0.000613
faced,4,0.000085,0.000793
true,27,0.000571,0.004264
otherwise,9,0.000190,0.001630
um,11,0.000233,0.001946
deeply,3,0.000063,0.000613
chatter,4,0.000085,0.000793
virginia,15,0.000317,0.002555
florida,26,0.000550,0.004127
men,44,0.000930,0.006494
luring,10,0.000211,0.001789
money,35,0.000740,0.005335
machetes,4,0.000085,0.000793
knives,11,0.000233,0.001946
guns,8,0.000169,0.001469
generally,6,0.000127,0.001138
everybody,5,0.000106,0.000968
big,35,0.000740,0.005335
concern,24,0.000508,0.003850
panel,3,0.000063,0.000613
convention,8,0.000169,0.001469
explains,5,0.000106,0.000968
happening,15,0.000317,0.002555
anywhere,6,0.000127,0.001138
yup,3,0.000063,0.000613
spree,3,0.000063,0.000613
election,8,0.000169,0.001469
season,9,0.000190,0.001630
worst,6,0.000127,0.001138
nightmare,7,0.000148,0.001305
coming,36,0.000761,0.005466
kentucky,30,0.000634,0.004671
glasgow,8,0.000169,0.001469
bowling,8,0.000169,0.001469
green,45,0.000952,0.006621
multiple,36,0.000761,0.005466
complaints,34,0.000719,0.005204
department,96,0.002030,0.012586
warren,4,0.000085,0.000793
clownrelated,32,0.000677,0.004939
earlier,43,0.000909,0.006368
daily,28,0.000592,0.004400
part,52,0.001100,0.007491
yelling,8,0.000169,0.001469
placed,9,0.000190,0.001630
invasion,3,0.000063,0.000613
girl,50,0.001057,0.007245
caught,25,0.000529,0.003989
carried,8,0.000169,0.001469
herself,13,0.000275,0.002254
cities,13,0.000275,0.002254
receiving,14,0.000296,0.002405
handling,4,0.000085,0.000793
city,50,0.001057,0.007245
ordinances,3,0.000063,0.000613
laws,11,0.000233,0.001946
lt,8,0.000169,0.001469
jimmy,4,0.000085,0.000793
phelps,4,0.000085,0.000793
immediate,3,0.000063,0.000613
harm,21,0.000444,0.003428
menacing,20,0.000423,0.003285
misdemeanor,5,0.000106,0.000968
address,7,0.000148,0.001305
ronnie,3,0.000063,0.000613
complaint,8,0.000169,0.001469
road,30,0.000634,0.004671
responding,14,0.000296,0.002405
deputy,41,0.000867,0.006113
walked,25,0.000529,0.003989
stood,10,0.000211,0.001789
areas,41,0.000867,0.006113
streets,33,0.000698,0.005072
parks,6,0.000127,0.001138
mainstream,7,0.000148,0.001305
coverage,7,0.000148,0.001305
placing,4,0.000085,0.000793
potential,13,0.000275,0.002254
situations,4,0.000085,0.000793
wrote,34,0.000719,0.005204
london,10,0.000211,0.001789
ky,3,0.000063,0.000613
creeped,10,0.000211,0.001789
jamie,4,0.000085,0.000793
hill,14,0.000296,0.002405
picture,36,0.000761,0.005466
showing,12,0.000254,0.002101
costume,68,0.001438,0.009411
rogers,3,0.000063,0.000613
parkway,5,0.000106,0.000968
shock,10,0.000211,0.001789
took,50,0.001057,0.007245
plan,13,0.000275,0.002254
posting,11,0.000233,0.001946
until,36,0.000761,0.005466
aware,36,0.000761,0.005466
necessarily,5,0.000106,0.000968
illegal,26,0.000550,0.004127
acting,12,0.000254,0.002101
suspiciously,4,0.000085,0.000793
increased,20,0.000423,0.003285
strange,36,0.000761,0.005466
backyard,9,0.000190,0.001630
law,61,0.001290,0.008582
enforcement,46,0.000973,0.006746
agencies,10,0.000211,0.001789
spate,9,0.000190,0.001630
spooky,4,0.000085,0.000793
nationwide,17,0.000359,0.002851
ordinance,5,0.000106,0.000968
prohibits,5,0.000106,0.000968
older,11,0.000233,0.001946
conceal,8,0.000169,0.001469
identities,6,0.000127,0.001138
found,100,0.002115,0.013024
violation,3,0.000063,0.000613
subject,7,0.000148,0.001305
fine,18,0.000381,0.002997
putting,9,0.000190,0.001630
position,3,0.000063,0.000613
threatened,20,0.000423,0.003285
react,6,0.000127,0.001138
whatever,13,0.000275,0.002254
force,12,0.000254,0.002101
necessary,6,0.000127,0.001138
terrifying,19,0.000402,0.003142
managed,8,0.000169,0.001469
standing,43,0.000909,0.006368
excuse,4,0.000085,0.000793
sc,17,0.000359,0.002851
theres,72,0.001523,0.009877
manmade,5,0.000106,0.000968
trail,14,0.000296,0.002405
leading,12,0.000254,0.002101
abandoned,11,0.000233,0.001946
pond,19,0.000402,0.003142
northern,5,0.000106,0.000968
substantiate,10,0.000211,0.001789
claims,26,0.000550,0.004127
aug,23,0.000486,0.003710
reveal,7,0.000148,0.001305
suspicious,63,0.001332,0.008821
character,24,0.000508,0.003850
attire,12,0.000254,0.002101
paint,31,0.000656,0.004805
enticing,9,0.000190,0.001630
follow,40,0.000846,0.005985
himher,5,0.000106,0.000968
whispering,13,0.000275,0.002254
noises,14,0.000296,0.002405
obtained,5,0.000106,0.000968
boy,51,0.001078,0.007368
flashing,11,0.000233,0.001946
laser,13,0.000275,0.002254
lights,15,0.000317,0.002555
womans,8,0.000169,0.001469
hearing,7,0.000148,0.001305
chains,7,0.000148,0.001305
banging,9,0.000190,0.001630
front,37,0.000782,0.005597
door,43,0.000909,0.006368
residence,3,0.000063,0.000613
investigating,32,0.000677,0.004939
largefigured,9,0.000190,0.001630
blinking,13,0.000275,0.002254
post,47,0.000994,0.006872
garbage,5,0.000106,0.000968
dumpster,9,0.000190,0.001630
waved,17,0.000359,0.002851
approach,10,0.000211,0.001789
displayed,4,0.000085,0.000793
amounts,14,0.000296,0.002405
believed,12,0.000254,0.002101
lived,10,0.000211,0.001789
house,111,0.002347,0.014212
located,8,0.000169,0.001469
ryan,6,0.000127,0.001138
flood,19,0.000402,0.003142
gone,20,0.000423,0.003285
clothing,20,0.000423,0.003285
witnesses,18,0.000381,0.002997
declined,4,0.000085,0.000793
names,5,0.000106,0.000968
eight,10,0.000211,0.001789
initial,5,0.000106,0.000968
teenage,8,0.000169,0.001469
shortly,7,0.000148,0.001305
jacket,16,0.000338,0.002704
left,37,0.000782,0.005597
arrived,14,0.000296,0.002405
cbs,4,0.000085,0.000793
affiliate,8,0.000169,0.001469
wspa,5,0.000106,0.000968
playground,6,0.000127,0.001138
station,24,0.000508,0.003850
drive,14,0.000296,0.002405
darkcolored,5,0.000106,0.000968
clear,19,0.000402,0.003142
inside,15,0.000317,0.002555
vehicle,14,0.000296,0.002405
investigators,21,0.000444,0.003428
history,8,0.000169,0.001469
unusual,8,0.000169,0.001469
knowledge,3,0.000063,0.000613
kind,36,0.000761,0.005466
circuses,3,0.000063,0.000613
along,21,0.000444,0.003428
lines,4,0.000085,0.000793
recover,3,0.000063,0.000613
surveillance,9,0.000190,0.001630
cameras,4,0.000085,0.000793
monitoring,5,0.000106,0.000968
sighted,8,0.000169,0.001469
extra,10,0.000211,0.001789
neighborhood,23,0.000486,0.003710
sunday,23,0.000486,0.003710
heard,43,0.000909,0.006368
adult,10,0.000211,0.001789
fled,12,0.000254,0.002101
overalls,7,0.000148,0.001305
four,28,0.000592,0.004400
later,49,0.001036,0.007121
caller,11,0.000233,0.001946
refused,4,0.000085,0.000793
name,33,0.000698,0.005072
again,49,0.001036,0.007121
involving,21,0.000444,0.003428
complexes,6,0.000127,0.001138
spartanburg,12,0.000254,0.002101
counties,5,0.000106,0.000968
initially,11,0.000233,0.001946
wooded,33,0.000698,0.005072
entice,6,0.000127,0.001138
knocking,4,0.000085,0.000793
doors,11,0.000233,0.001946
homes,7,0.000148,0.001305
conclusive,4,0.000085,0.000793
photo,21,0.000444,0.003428
surfaced,15,0.000317,0.002555
became,13,0.000275,0.002254
fox,20,0.000423,0.003285
letter,46,0.000973,0.006746
co,6,0.000127,0.001138
held,16,0.000338,0.002704
conference,9,0.000190,0.001630
seven,7,0.000148,0.001305
upstate,3,0.000063,0.000613
descriptions,6,0.000127,0.001138
claim,9,0.000190,0.001630
connected,6,0.000127,0.001138
upcoming,10,0.000211,0.001789
movie,37,0.000782,0.005597
somewhat,5,0.000106,0.000968
terrorizing,11,0.000233,0.001946
charged,33,0.000698,0.005072
disruption,3,0.000063,0.000613
individuals,17,0.000359,0.002851
disturbing,15,0.000317,0.002555
persons,11,0.000233,0.001946
applies,5,0.000106,0.000968
publicly,3,0.000063,0.000613
identity,12,0.000254,0.002101
section,9,0.000190,0.001630
additional,7,0.000148,0.001305
apply,3,0.000063,0.000613
upon,5,0.000106,0.000968
specific,7,0.000148,0.001305
circumstances,3,0.000063,0.000613
indication,3,0.000063,0.000613
contact,20,0.000423,0.003285
dress,33,0.000698,0.005072
camera,8,0.000169,0.001469
walking,57,0.001205,0.008101
canaan,4,0.000085,0.000793
point,101,0.002136,0.013133
wednesday,44,0.000930,0.006494
pointe,3,0.000063,0.000613
werent,19,0.000402,0.003142
continue,12,0.000254,0.002101
encourage,6,0.000127,0.001138
parent,5,0.000106,0.000968
daughter,13,0.000275,0.002254
hughes,5,0.000106,0.000968
academy,5,0.000106,0.000968
happened,49,0.001036,0.007121
deoyley,3,0.000063,0.000613
ave,4,0.000085,0.000793
toward,11,0.000233,0.001946
park,27,0.000571,0.004264
haywood,3,0.000063,0.000613
mat,3,0.000063,0.000613
old,50,0.001057,0.007245
slightly,11,0.000233,0.001946
clean,6,0.000127,0.001138
eyes,41,0.000867,0.006113
cap,3,0.000063,0.000613
sides,3,0.000063,0.000613
painted,14,0.000296,0.002405
line,14,0.000296,0.002405
starting,5,0.000106,0.000968
between,34,0.000719,0.005204
eyebrows,4,0.000085,0.000793
gray,3,0.000063,0.000613
sleeve,6,0.000127,0.001138
tshirt,4,0.000085,0.000793
complainant,3,0.000063,0.000613
lasers,3,0.000063,0.000613
hands,28,0.000592,0.004400
emerald,8,0.000169,0.001469
commons,8,0.000169,0.001469
young,39,0.000825,0.005856
horse,4,0.000085,0.000793
riding,8,0.000169,0.001469
bike,6,0.000127,0.001138
ensure,13,0.000275,0.002254
shemwood,14,0.000296,0.002405
crossing,6,0.000127,0.001138
dispatch,6,0.000127,0.001138
lane,5,0.000106,0.000968
resident,36,0.000761,0.005466
confronted,8,0.000169,0.001469
crew,4,0.000085,0.000793
scene,19,0.000402,0.003142
talked,10,0.000211,0.001789
couple,23,0.000486,0.003710
terrified,16,0.000338,0.002704
costumed,6,0.000127,0.001138
characters,21,0.000444,0.003428
rain,6,0.000127,0.001138
staring,9,0.000190,0.001630
laundromat,3,0.000063,0.000613
ken,6,0.000127,0.001138
miller,16,0.000338,0.002704
press,23,0.000486,0.003710
charges,36,0.000761,0.005466
wear,25,0.000529,0.003989
charge,8,0.000169,0.001469
whns,3,0.000063,0.000613
added,25,0.000529,0.003989
sort,18,0.000381,0.002997
marketing,37,0.000782,0.005597
heavy,3,0.000063,0.000613
rob,18,0.000381,0.002997
zombie,12,0.000254,0.002101
addition,3,0.000063,0.000613
knifewielding,7,0.000148,0.001305
separate,14,0.000296,0.002405
add,17,0.000359,0.002851
either,22,0.000465,0.003570
broken,6,0.000127,0.001138
pack,6,0.000127,0.001138
brand,4,0.000085,0.000793
columbus,13,0.000275,0.002254
nbc,5,0.000106,0.000968
freak,6,0.000127,0.001138
rock,9,0.000190,0.001630
afternoon,7,0.000148,0.001305
immediately,30,0.000634,0.004671
teachers,22,0.000465,0.003570
friday,40,0.000846,0.005985
spokeswoman,8,0.000169,0.001469
denise,3,0.000063,0.000613
alexbouzounis,4,0.000085,0.000793
freaky,4,0.000085,0.000793
mere,5,0.000106,0.000968
alerted,3,0.000063,0.000613
band,9,0.000190,0.001630
eye,24,0.000508,0.003850
roads,16,0.000338,0.002704
reads,6,0.000127,0.001138
locally,5,0.000106,0.000968
day,88,0.001861,0.011699
streetlight,3,0.000063,0.000613
staying,3,0.000063,0.000613
signs,13,0.000275,0.002254
activity,34,0.000719,0.005204
fired,9,0.000190,0.001630
weapons,19,0.000402,0.003142
direction,12,0.000254,0.002101
locate,10,0.000211,0.001789
shell,3,0.000063,0.000613
casings,3,0.000063,0.000613
curfew,10,0.000211,0.001789
foremost,8,0.000169,0.001469
sic,25,0.000529,0.003989
priority,12,0.000254,0.002101
donna,23,0.000486,0.003710
arnold,23,0.000486,0.003710
friends,33,0.000698,0.005072
basketball,6,0.000127,0.001138
court,17,0.000359,0.002851
patrolling,5,0.000106,0.000968
rumored,3,0.000063,0.000613
stepped,8,0.000169,0.001469
precautions,3,0.000063,0.000613
past,34,0.000719,0.005204
investigate,18,0.000381,0.002997
neighborhoods,11,0.000233,0.001946
adults,16,0.000338,0.002704
wyff,7,0.000148,0.001305
prior,8,0.000169,0.001469
conducted,5,0.000106,0.000968
investigation,25,0.000529,0.003989
spread,40,0.000846,0.005985
nc,5,0.000106,0.000968
statement,24,0.000508,0.003850
hand,50,0.001057,0.007245
reporting,12,0.000254,0.002101
clownlike,6,0.000127,0.001138
warn,6,0.000127,0.001138
lawful,4,0.000085,0.000793
entertainers,7,0.000148,0.001305
discouraging,5,0.000106,0.000968
humorous,4,0.000085,0.000793
mimic,3,0.000063,0.000613
noted,11,0.000233,0.001946
unnecessary,5,0.000106,0.000968
consequences,7,0.000148,0.001305
dangerous,32,0.000677,0.004939
inappropriate,6,0.000127,0.001138
creating,11,0.000233,0.001946
needs,8,0.000169,0.001469
lack,6,0.000127,0.001138
actual,12,0.000254,0.002101
mystery,4,0.000085,0.000793
elaborate,5,0.000106,0.000968
hoax,47,0.000994,0.006872
ploy,7,0.000148,0.001305
carnival,11,0.000233,0.001946
film,28,0.000592,0.004400
opened,14,0.000296,0.002405
theaters,5,0.000106,0.000968
fact,33,0.000698,0.005072
bay,25,0.000529,0.003989
plenty,3,0.000063,0.000613
super,4,0.000085,0.000793
certainly,10,0.000211,0.001789
goofy,4,0.000085,0.000793
entertainment,9,0.000190,0.001630
david,7,0.000148,0.001305
whose,10,0.000211,0.001789
persona,6,0.000127,0.001138
klown,14,0.000296,0.002405
expressed,4,0.000085,0.000793
effect,4,0.000085,0.000793
worked,8,0.000169,0.001469
hard,20,0.000423,0.003285
life,29,0.000613,0.004536
respect,5,0.000106,0.000968
cleveland,3,0.000063,0.000613
named,17,0.000359,0.002851
suspects,24,0.000508,0.003850
read,27,0.000571,0.004264
learn,6,0.000127,0.001138
six,19,0.000402,0.003142
women,9,0.000190,0.001630
faces,20,0.000423,0.003285
showed,16,0.000338,0.002704
anonymous,11,0.000233,0.001946
gunshots,7,0.000148,0.001305
drew,10,0.000211,0.001789
pinciaro,13,0.000275,0.002254
allegations,4,0.000085,0.000793
information,31,0.000656,0.004805
corroborate,3,0.000063,0.000613
persuade,4,0.000085,0.000793
displaying,7,0.000148,0.001305
official,6,0.000127,0.001138
conversation,14,0.000296,0.002405
regarding,21,0.000444,0.003428
situation,54,0.001142,0.007737
remember,34,0.000719,0.005204
times,38,0.000804,0.005727
supervised,6,0.000127,0.001138
becomes,11,0.000233,0.001946
issue,23,0.000486,0.003710
alex,4,0.000085,0.000793
throwing,8,0.000169,0.001469
hiking,4,0.000085,0.000793
figure,21,0.000444,0.003428
buildings,7,0.000148,0.001305
goes,14,0.000296,0.002405
arrest,14,0.000296,0.002405
widespread,7,0.000148,0.001305
panic,41,0.000867,0.006113
briefing,6,0.000127,0.001138
calm,10,0.000211,0.001789
returned,4,0.000085,0.000793
originated,3,0.000063,0.000613
jesters,9,0.000190,0.001630
completely,14,0.000296,0.002405
died,7,0.000148,0.001305
phenomenon,35,0.000740,0.005335
continues,4,0.000085,0.000793
catch,5,0.000106,0.000968
fire,15,0.000317,0.002555
dozen,20,0.000423,0.003285
resulted,4,0.000085,0.000793
documented,3,0.000063,0.000613
claimed,14,0.000296,0.002405
draw,13,0.000275,0.002254
waving,4,0.000085,0.000793
third,9,0.000190,0.001630
patrol,13,0.000275,0.002254
used,38,0.000804,0.005727
bogus,4,0.000085,0.000793
surprised,6,0.000127,0.001138
weve,26,0.000550,0.004127
happen,23,0.000486,0.003710
confirmed,21,0.000444,0.003428
block,15,0.000317,0.002555
open,20,0.000423,0.003285
gilberto,4,0.000085,0.000793
franco,10,0.000211,0.001789
obstacle,3,0.000063,0.000613
facing,12,0.000254,0.002101
detail,6,0.000127,0.001138
agency,5,0.000106,0.000968
colors,5,0.000106,0.000968
begin,11,0.000233,0.001946
shared,12,0.000254,0.002101
hem,3,0.000063,0.000613
letters,9,0.000190,0.001630
management,10,0.000211,0.001789
appears,26,0.000550,0.004127
printed,4,0.000085,0.000793
letterhead,3,0.000063,0.000613
reminds,4,0.000085,0.000793
indicates,5,0.000106,0.000968
conducting,5,0.000106,0.000968
below,11,0.000233,0.001946
text,21,0.000444,0.003428
thank,8,0.000169,0.001469
residing,3,0.000063,0.000613
activist,4,0.000085,0.000793
bruce,16,0.000338,0.002704
wilson,11,0.000233,0.001946
turn,16,0.000338,0.002704
harmless,16,0.000338,0.002704
hundred,5,0.000106,0.000968
investigative,6,0.000127,0.001138
mother,23,0.000486,0.003710
witnessed,10,0.000211,0.001789
notified,7,0.000148,0.001305
presence,13,0.000275,0.002254
spoke,12,0.000254,0.002101
further,15,0.000317,0.002555
advised,6,0.000127,0.001138
via,9,0.000190,0.001630
trial,4,0.000085,0.000793
released,22,0.000465,0.003570
body,11,0.000233,0.001946
photographs,3,0.000063,0.000613
actively,3,0.000063,0.000613
reason,30,0.000634,0.004671
type,12,0.000254,0.002101
particular,12,0.000254,0.002101
course,20,0.000423,0.003285
within,15,0.000317,0.002555
callers,9,0.000190,0.001630
wooden,5,0.000106,0.000968
fence,4,0.000085,0.000793
broke,11,0.000233,0.001946
waiting,11,0.000233,0.001946
jumped,19,0.000402,0.003142
appeared,19,0.000402,0.003142
honda,4,0.000085,0.000793
pleasant,6,0.000127,0.001138
en,3,0.000063,0.000613
route,8,0.000169,0.001469
rice,5,0.000106,0.000968
street,44,0.000930,0.006494
avenue,17,0.000359,0.002851
action,14,0.000296,0.002405
stared,8,0.000169,0.001469
ages,5,0.000106,0.000968
feet,14,0.000296,0.002405
tall,5,0.000106,0.000968
describes,3,0.000063,0.000613
mouth,11,0.000233,0.001946
kevin,7,0.000148,0.001305
simpson,3,0.000063,0.000613
problem,23,0.000486,0.003710
urged,10,0.000211,0.001789
including,37,0.000782,0.005597
tv,21,0.000444,0.003428
help,46,0.000973,0.006746
emerged,9,0.000190,0.001630
confirm,9,0.000190,0.001630
ill,27,0.000571,0.004264
intent,8,0.000169,0.001469
cnn,3,0.000063,0.000613
everyone,47,0.000994,0.006872
include,3,0.000063,0.000613
evan,4,0.000085,0.000793
arrive,4,0.000085,0.000793
gags,15,0.000317,0.002555
wisconsin,15,0.000317,0.002555
caused,22,0.000465,0.003570
actor,5,0.000106,0.000968
stunt,11,0.000233,0.001946
preparing,5,0.000106,0.000968
matters,4,0.000085,0.000793
looked,53,0.001121,0.007614
knew,37,0.000782,0.005597
gonna,22,0.000465,0.003570
middle,42,0.000888,0.006241
fourth,3,0.000063,0.000613
september,34,0.000719,0.005204
captain,3,0.000063,0.000613
snapped,7,0.000148,0.001305
view,11,0.000233,0.001946
football,5,0.000106,0.000968
practice,3,0.000063,0.000613
encounter,4,0.000085,0.000793
unknown,10,0.000211,0.001789
towards,10,0.000211,0.001789
quite,18,0.000381,0.002997
masked,5,0.000106,0.000968
itself,18,0.000381,0.002997
youre,45,0.000952,0.006621
encouraging,3,0.000063,0.000613
remain,4,0.000085,0.000793
track,11,0.000233,0.001946
impact,5,0.000106,0.000968
fighting,6,0.000127,0.001138
together,15,0.000317,0.002555
terror,15,0.000317,0.002555
ask,9,0.000190,0.001630
asking,22,0.000465,0.003570
cars,17,0.000359,0.002851
perimeter,3,0.000063,0.000613
performers,6,0.000127,0.001138
weigh,3,0.000063,0.000613
party,21,0.000444,0.003428
kelly,4,0.000085,0.000793
montfort,5,0.000106,0.000968
known,17,0.000359,0.002851
special,6,0.000127,0.001138
happy,27,0.000571,0.004264
truly,6,0.000127,0.001138
psychopath,3,0.000063,0.000613
sinister,20,0.000423,0.003285
plot,4,0.000085,0.000793
rather,10,0.000211,0.001789
chance,12,0.000254,0.002101
publicity,6,0.000127,0.001138
production,8,0.000169,0.001469
increasing,5,0.000106,0.000968
attempts,3,0.000063,0.000613
despite,16,0.000338,0.002704
exist,8,0.000169,0.001469
reference,4,0.000085,0.000793
identified,15,0.000317,0.002555
television,7,0.000148,0.001305
lying,5,0.000106,0.000968
ms,11,0.000233,0.001946
kid,19,0.000402,0.003142
confident,4,0.000085,0.000793
telling,16,0.000338,0.002704
safely,4,0.000085,0.000793
appearing,6,0.000127,0.001138
checked,9,0.000190,0.001630
single,8,0.000169,0.001469
seem,19,0.000402,0.003142
spreading,13,0.000275,0.002254
national,24,0.000508,0.003850
usa,5,0.000106,0.000968
buzzfeed,3,0.000063,0.000613
alleged,25,0.000529,0.003989
surprising,3,0.000063,0.000613
pop,6,0.000127,0.001138
favorite,4,0.000085,0.000793
attention,22,0.000465,0.003570
bottom,5,0.000106,0.000968
difficult,3,0.000063,0.000613
asked,48,0.001015,0.006996
imaginations,4,0.000085,0.000793
possibility,8,0.000169,0.001469
might,48,0.001015,0.006996
obviously,14,0.000296,0.002405
region,3,0.000063,0.000613
occurred,16,0.000338,0.002704
male,9,0.000190,0.001630
student,41,0.000867,0.006113
capt,4,0.000085,0.000793
mike,11,0.000233,0.001946
interstate,3,0.000063,0.000613
actions,12,0.000254,0.002101
unclear,8,0.000169,0.001469
leads,7,0.000148,0.001305
opportunity,4,0.000085,0.000793
talk,28,0.000592,0.004400
strangers,9,0.000190,0.001630
avoid,15,0.000317,0.002555
potentially,6,0.000127,0.001138
tell,22,0.000465,0.003570
stranger,7,0.000148,0.001305
sounds,9,0.000190,0.001630
instead,12,0.000254,0.002101
follows,5,0.000106,0.000968
location,8,0.000169,0.001469
disappeared,5,0.000106,0.000968
attempting,18,0.000381,0.002997
heels,3,0.000063,0.000613
wtvd,3,0.000063,0.000613
abc,10,0.000211,0.001789
midnight,6,0.000127,0.001138
attempted,6,0.000127,0.001138
residential,4,0.000085,0.000793
present,5,0.000106,0.000968
dealing,6,0.000127,0.001138
responsible,7,0.000148,0.001305
candy,20,0.000423,0.003285
psychologist,9,0.000190,0.001630
dr,7,0.000148,0.001305
j,5,0.000106,0.000968
buzz,3,0.000063,0.000613
performance,7,0.000148,0.001305
brian,4,0.000085,0.000793
previous,8,0.000169,0.001469
projects,4,0.000085,0.000793
contacted,6,0.000127,0.001138
receive,6,0.000127,0.001138
weird,23,0.000486,0.003710
suggest,8,0.000169,0.001469
ideas,5,0.000106,0.000968
example,9,0.000190,0.001630
beginning,15,0.000317,0.002555
northeast,3,0.000063,0.000613
neighboring,4,0.000085,0.000793
offered,10,0.000211,0.001789
investigations,5,0.000106,0.000968
lurking,34,0.000719,0.005204
claiming,9,0.000190,0.001630
strangely,3,0.000063,0.000613
once,26,0.000550,0.004127
fueled,10,0.000211,0.001789
speculation,4,0.000085,0.000793
fans,7,0.000148,0.001305
pennywise,27,0.000571,0.004264
boys,17,0.000359,0.002851
zombies,10,0.000211,0.001789
workers,4,0.000085,0.000793
danielsen,3,0.000063,0.000613
tells,14,0.000296,0.002405
alarming,5,0.000106,0.000968
brandishing,7,0.000148,0.001305
crime,30,0.000634,0.004671
click,6,0.000127,0.001138
breaking,5,0.000106,0.000968
ongoing,6,0.000127,0.001138
details,4,0.000085,0.000793
intriguing,3,0.000063,0.000613
unsolved,3,0.000063,0.000613
driver,10,0.000211,0.001789
sept,23,0.000486,0.003710
noticed,9,0.000190,0.001630
truck,14,0.000296,0.002405
quickly,24,0.000508,0.003850
air,23,0.000486,0.003710
orange,7,0.000148,0.001305
followed,15,0.000317,0.002555
check,8,0.000169,0.001469
shed,6,0.000127,0.001138
date,5,0.000106,0.000968
included,6,0.000127,0.001138
various,11,0.000233,0.001946
race,4,0.000085,0.000793
sometimes,14,0.000296,0.002405
offering,7,0.000148,0.001305
shoulders,6,0.000127,0.001138
learned,12,0.000254,0.002101
spooked,6,0.000127,0.001138
hasnt,11,0.000233,0.001946
carrying,17,0.000359,0.002851
lured,3,0.000063,0.000613
fib,3,0.000063,0.000613
circulated,3,0.000063,0.000613
flier,12,0.000254,0.002101
odd,8,0.000169,0.001469
prowling,6,0.000127,0.001138
england,7,0.000148,0.001305
cheer,18,0.000381,0.002997
dying,6,0.000127,0.001138
balloons,17,0.000359,0.002851
promotional,3,0.000063,0.000613
whats,15,0.000317,0.002555
director,10,0.000211,0.001789
opening,3,0.000063,0.000613
soon,23,0.000486,0.003710
game,12,0.000254,0.002101
survive,4,0.000085,0.000793
gang,12,0.000254,0.002101
sadistic,5,0.000106,0.000968
feature,3,0.000063,0.000613
films,4,0.000085,0.000793
respond,7,0.000148,0.001305
request,3,0.000063,0.000613
comment,25,0.000529,0.003989
greeted,6,0.000127,0.001138
whos,14,0.000296,0.002405
mind,15,0.000317,0.002555
wild,4,0.000085,0.000793
summer,6,0.000127,0.001138
heat,4,0.000085,0.000793
reality,10,0.000211,0.001789
explanation,5,0.000106,0.000968
beside,5,0.000106,0.000968
forward,5,0.000106,0.000968
deep,10,0.000211,0.001789
supposedly,9,0.000190,0.001630
taken,37,0.000782,0.005597
question,10,0.000211,0.001789
childs,3,0.000063,0.000613
play,16,0.000338,0.002704
five,26,0.000550,0.004127
popped,12,0.000254,0.002101
brush,3,0.000063,0.000613
begins,8,0.000169,0.001469
move,10,0.000211,0.001789
cut,8,0.000169,0.001469
lets,15,0.000317,0.002555
hell,20,0.000423,0.003285
assume,3,0.000063,0.000613
final,7,0.000148,0.001305
based,12,0.000254,0.002101
palm,6,0.000127,0.001138
weekend,16,0.000338,0.002704
dog,5,0.000106,0.000968
fast,15,0.000317,0.002555
shit,16,0.000338,0.002704
pensacola,3,0.000063,0.000613
littering,3,0.000063,0.000613
machetewielding,3,0.000063,0.000613
certain,4,0.000085,0.000793
wandering,3,0.000063,0.000613
brown,3,0.000063,0.000613
excited,6,0.000127,0.001138
holiday,4,0.000085,0.000793
meant,9,0.000190,0.001630
pottsville,7,0.000148,0.001305
clothes,9,0.000190,0.001630
pickup,9,0.000190,0.001630
teens,14,0.000296,0.002405
ebensburg,3,0.000063,0.000613
window,15,0.000317,0.002555
alert,16,0.000338,0.002704
reaction,6,0.000127,0.001138
deemed,6,0.000127,0.001138
begun,3,0.000063,0.000613
terrorist,10,0.000211,0.001789
middlesboro,4,0.000085,0.000793
custody,6,0.000127,0.001138
donning,3,0.000063,0.000613
list,13,0.000275,0.002254
growing,5,0.000106,0.000968
pointed,9,0.000190,0.001630
notice,8,0.000169,0.001469
boston,7,0.000148,0.001305
throughout,11,0.000233,0.001946
small,25,0.000529,0.003989
vans,3,0.000063,0.000613
alongside,3,0.000063,0.000613
phantom,13,0.000275,0.002254
cryptozoologist,5,0.000106,0.000968
loren,5,0.000106,0.000968
coleman,5,0.000106,0.000968
nature,11,0.000233,0.001946
kansas,5,0.000106,0.000968
denver,4,0.000085,0.000793
omaha,9,0.000190,0.001630
theory,9,0.000190,0.001630
primal,4,0.000085,0.000793
dread,5,0.000106,0.000968
experience,7,0.000148,0.001305
serial,10,0.000211,0.001789
john,23,0.000486,0.003710
wayne,14,0.000296,0.002405
gacy,17,0.000359,0.002851
captured,3,0.000063,0.000613
pogo,3,0.000063,0.000613
capture,3,0.000063,0.000613
connection,16,0.000338,0.002704
underneath,4,0.000085,0.000793
bed,8,0.000169,0.001469
publics,3,0.000063,0.000613
novel,14,0.000296,0.002405
featuring,8,0.000169,0.001469
horrifying,4,0.000085,0.000793
love,10,0.000211,0.001789
remake,10,0.000211,0.001789
set,12,0.000254,0.002101
fall,6,0.000127,0.001138
age,15,0.000317,0.002555
hood,5,0.000106,0.000968
stopping,6,0.000127,0.001138
gun,16,0.000338,0.002704
seeking,4,0.000085,0.000793
steven,3,0.000063,0.000613
university,38,0.000804,0.005727
power,5,0.000106,0.000968
grab,6,0.000127,0.001138
bring,19,0.000402,0.003142
pass,6,0.000127,0.001138
likely,17,0.000359,0.002851
ends,3,0.000063,0.000613
haunting,3,0.000063,0.000613
philadelphia,10,0.000211,0.001789
independent,7,0.000148,0.001305
texas,18,0.000381,0.002997
security,27,0.000571,0.004264
secretary,6,0.000127,0.001138
josh,10,0.000211,0.001789
earnest,12,0.000254,0.002101
briefed,5,0.000106,0.000968
carefully,4,0.000085,0.000793
thoroughly,5,0.000106,0.000968
review,6,0.000127,0.001138
perceived,5,0.000106,0.000968
prudently,4,0.000085,0.000793
host,3,0.000063,0.000613
heres,10,0.000211,0.001789
shootings,6,0.000127,0.001138
milwaukee,3,0.000063,0.000613
west,10,0.000211,0.001789
father,9,0.000190,0.001630
alarmed,4,0.000085,0.000793
substantiated,3,0.000063,0.000613
account,19,0.000402,0.003142
facial,3,0.000063,0.000613
speak,7,0.000148,0.001305
false,30,0.000634,0.004671
lagrange,10,0.000211,0.001789
soft,4,0.000085,0.000793
lock,10,0.000211,0.001789
troup,4,0.000085,0.000793
system,7,0.000148,0.001305
van,23,0.000486,0.003710
created,17,0.000359,0.002851
abduct,10,0.000211,0.001789
violence,22,0.000465,0.003570
deleted,15,0.000317,0.002555
visit,4,0.000085,0.000793
mississippi,4,0.000085,0.000793
miss,11,0.000233,0.001946
hampton,14,0.000296,0.002405
fort,8,0.000169,0.001469
code,5,0.000106,0.000968
cover,4,0.000085,0.000793
offense,4,0.000085,0.000793
sheriff,14,0.000296,0.002405
donald,7,0.000148,0.001305
smith,7,0.000148,0.001305
possible,16,0.000338,0.002704
tree,8,0.000169,0.001469
lake,5,0.000106,0.000968
none,10,0.000211,0.001789
injuries,10,0.000211,0.001789
victoria,5,0.000106,0.000968
surrounding,6,0.000127,0.001138
robbed,8,0.000169,0.001469
pa,6,0.000127,0.001138
pushed,6,0.000127,0.001138
onto,17,0.000359,0.002851
head,51,0.001078,0.007368
fatally,6,0.000127,0.001138
stabbed,9,0.000190,0.001630
southern,6,0.000127,0.001138
tip,4,0.000085,0.000793
threw,8,0.000169,0.001469
stick,3,0.000063,0.000613
oct,27,0.000571,0.004264
communities,15,0.000317,0.002555
tennessee,10,0.000211,0.001789
explosives,3,0.000063,0.000613
memphis,3,0.000063,0.000613
bank,4,0.000085,0.000793
pair,10,0.000211,0.001789
stole,5,0.000106,0.000968
amount,4,0.000085,0.000793
searching,7,0.000148,0.001305
metro,3,0.000063,0.000613
credible,24,0.000508,0.003850
missouri,3,0.000063,0.000613
capital,3,0.000063,0.000613
star,8,0.000169,0.001469
cold,6,0.000127,0.001138
does,17,0.000359,0.002851
engaging,3,0.000063,0.000613
topics,6,0.000127,0.001138
ranging,3,0.000063,0.000613
landed,4,0.000085,0.000793
jail,11,0.000233,0.001946
normally,7,0.000148,0.001305
sound,19,0.000402,0.003142
often,19,0.000402,0.003142
almost,28,0.000592,0.004400
arm,10,0.000211,0.001789
departments,7,0.000148,0.001305
stations,4,0.000085,0.000793
dozens,13,0.000275,0.002254
internet,19,0.000402,0.003142
blamed,4,0.000085,0.000793
crash,3,0.000063,0.000613
played,8,0.000169,0.001469
role,5,0.000106,0.000968
escambia,4,0.000085,0.000793
flomo,12,0.000254,0.002101
klowns,3,0.000063,0.000613
flomaton,12,0.000254,0.002101
living,19,0.000402,0.003142
elsewhere,3,0.000063,0.000613
advantage,5,0.000106,0.000968
theyve,12,0.000254,0.002101
revealed,12,0.000254,0.002101
comments,29,0.000613,0.004536
uniform,3,0.000063,0.000613
bbc,6,0.000127,0.001138
keeps,3,0.000063,0.000613
campaign,15,0.000317,0.002555
murderous,8,0.000169,0.001469
likes,14,0.000296,0.002405
roaming,7,0.000148,0.001305
morgan,7,0.000148,0.001305
needed,20,0.000423,0.003285
louisiana,9,0.000190,0.001630
disguises,3,0.000063,0.000613
except,6,0.000127,0.001138
joking,6,0.000127,0.001138
questions,7,0.000148,0.001305
st,10,0.000211,0.001789
james,5,0.000106,0.000968
parish,3,0.000063,0.000613
store,14,0.000296,0.002405
entered,6,0.000127,0.001138
demanded,3,0.000063,0.000613
act,15,0.000317,0.002555
manner,11,0.000233,0.001946
covington,3,0.000063,0.000613
great,22,0.000465,0.003570
longer,11,0.000233,0.001946
ignored,3,0.000063,0.000613
hate,10,0.000211,0.001789
filed,15,0.000317,0.002555
wrong,13,0.000275,0.002254
pranksters,19,0.000402,0.003142
sense,16,0.000338,0.002704
humor,6,0.000127,0.001138
decided,12,0.000254,0.002101
examples,3,0.000063,0.000613
walmart,5,0.000106,0.000968
parking,6,0.000127,0.001138
subway,3,0.000063,0.000613
colorado,8,0.000169,0.001469
brings,4,0.000085,0.000793
includes,3,0.000063,0.000613
posing,10,0.000211,0.001789
become,27,0.000571,0.004264
vigilante,5,0.000106,0.000968
mentioned,10,0.000211,0.001789
land,3,0.000063,0.000613
note,14,0.000296,0.002405
sleep,7,0.000148,0.001305
bigfoot,3,0.000063,0.000613
loch,3,0.000063,0.000613
ness,3,0.000063,0.000613
monster,15,0.000317,0.002555
nope,5,0.000106,0.000968
cant,24,0.000508,0.003850
map,3,0.000063,0.000613
grand,5,0.000106,0.000968
deal,14,0.000296,0.002405
global,4,0.000085,0.000793
warming,3,0.000063,0.000613
kept,9,0.000190,0.001630
nor,7,0.000148,0.001305
unlikely,4,0.000085,0.000793
planned,6,0.000127,0.001138
sell,5,0.000106,0.000968
nobody,17,0.000359,0.002851
teenager,14,0.000296,0.002405
makes,21,0.000444,0.003428
kinds,3,0.000063,0.000613
contexts,3,0.000063,0.000613
mass,19,0.000402,0.003142
inspired,5,0.000106,0.000968
bright,7,0.000148,0.001305
gotten,9,0.000190,0.001630
unlike,5,0.000106,0.000968
slenderman,5,0.000106,0.000968
girls,12,0.000254,0.002101
wanted,47,0.000994,0.006872
fictional,4,0.000085,0.000793
robert,6,0.000127,0.001138
otherness,3,0.000063,0.000613
danger,9,0.000190,0.001630
psychology,10,0.000211,0.001789
familiar,8,0.000169,0.001469
supposed,17,0.000359,0.002851
oftentimes,3,0.000063,0.000613
create,7,0.000148,0.001305
tension,5,0.000106,0.000968
feeling,14,0.000296,0.002405
creepiness,12,0.000254,0.002101
common,11,0.000233,0.001946
outer,3,0.000063,0.000613
martin,4,0.000085,0.000793
professor,8,0.000169,0.001469
context,6,0.000127,0.001138
negative,6,0.000127,0.001138
words,8,0.000169,0.001469
killers,11,0.000233,0.001946
corner,10,0.000211,0.001789
reallife,4,0.000085,0.000793
easy,13,0.000275,0.002254
answer,5,0.000106,0.000968
study,10,0.000211,0.001789
studies,14,0.000296,0.002405
article,11,0.000233,0.001946
journal,3,0.000063,0.000613
health,4,0.000085,0.000793
results,11,0.000233,0.001946
published,9,0.000190,0.001630
helped,6,0.000127,0.001138
faster,6,0.000127,0.001138
british,5,0.000106,0.000968
cultural,7,0.000148,0.001305
element,3,0.000063,0.000613
phobia,12,0.000254,0.002101
coulrophobia,18,0.000381,0.002997
mean,26,0.000550,0.004127
legitimate,10,0.000211,0.001789
term,8,0.000169,0.001469
adding,8,0.000169,0.001469
means,8,0.000169,0.001469
ronald,25,0.000529,0.003989
mcdonald,10,0.000211,0.001789
extreme,5,0.000106,0.000968
insane,8,0.000169,0.001469
posse,6,0.000127,0.001138
relax,8,0.000169,0.001469
icp,3,0.000063,0.000613
correction,3,0.000063,0.000613
version,7,0.000148,0.001305
spot,7,0.000148,0.001305
fright,7,0.000148,0.001305
pointing,3,0.000063,0.000613
path,5,0.000106,0.000968
sat,8,0.000169,0.001469
windows,10,0.000211,0.001789
bags,4,0.000085,0.000793
basement,3,0.000063,0.000613
modern,6,0.000127,0.001138
sunset,3,0.000063,0.000613
sits,3,0.000063,0.000613
looks,11,0.000233,0.001946
wore,13,0.000275,0.002254
speaking,3,0.000063,0.000613
yes,24,0.000508,0.003850
gestured,4,0.000085,0.000793
trees,5,0.000106,0.000968
good,86,0.001819,0.011475
sharp,6,0.000127,0.001138
stab,3,0.000063,0.000613
laughter,9,0.000190,0.001630
backed,3,0.000063,0.000613
patch,3,0.000063,0.000613
chain,6,0.000127,0.001138
low,3,0.000063,0.000613
finally,18,0.000381,0.002997
laughs,8,0.000169,0.001469
jester,20,0.000423,0.003285
collar,4,0.000085,0.000793
century,6,0.000127,0.001138
charles,3,0.000063,0.000613
dickens,3,0.000063,0.000613
abuse,3,0.000063,0.000613
reader,4,0.000085,0.000793
physical,8,0.000169,0.001469
absolutely,5,0.000106,0.000968
hold,8,0.000169,0.001469
yourself,7,0.000148,0.001305
kiser,4,0.000085,0.000793
recognized,3,0.000063,0.000613
exaggerated,6,0.000127,0.001138
ancient,4,0.000085,0.000793
smear,4,0.000085,0.000793
ashes,4,0.000085,0.000793
talent,3,0.000063,0.000613
daughters,3,0.000063,0.000613
fairhope,3,0.000063,0.000613
intended,6,0.000127,0.001138
missing,9,0.000190,0.001630
hi,6,0.000127,0.001138
important,7,0.000148,0.001305
voice,13,0.000275,0.002254
rest,16,0.000338,0.002704
prevent,3,0.000063,0.000613
answered,5,0.000106,0.000968
profile,14,0.000296,0.002405
blood,9,0.000190,0.001630
bio,3,0.000063,0.000613
writing,4,0.000085,0.000793
best,20,0.000423,0.003285
silly,6,0.000127,0.001138
arched,3,0.000063,0.000613
skipped,4,0.000085,0.000793
lost,4,0.000085,0.000793
capacity,3,0.000063,0.000613
population,4,0.000085,0.000793
attend,4,0.000085,0.000793
locked,7,0.000148,0.001305
swept,5,0.000106,0.000968
particularly,11,0.000233,0.001946
access,3,0.000063,0.000613
studied,3,0.000063,0.000613
decades,7,0.000148,0.001305
result,10,0.000211,0.001789
rising,4,0.000085,0.000793
forces,6,0.000127,0.001138
plays,5,0.000106,0.000968
globe,5,0.000106,0.000968
blink,3,0.000063,0.000613
increasingly,3,0.000063,0.000613
urban,15,0.000317,0.002555
unpredictable,3,0.000063,0.000613
classroom,7,0.000148,0.001305
killed,11,0.000233,0.001946
teacher,10,0.000211,0.001789
save,6,0.000127,0.001138
warrant,4,0.000085,0.000793
makayla,3,0.000063,0.000613
terroristic,10,0.000211,0.001789
touching,3,0.000063,0.000613
smiths,3,0.000063,0.000613
banned,14,0.000296,0.002405
requests,4,0.000085,0.000793
reaching,3,0.000063,0.000613
clearly,6,0.000127,0.001138
test,7,0.000148,0.001305
nervous,5,0.000106,0.000968
judge,3,0.000063,0.000613
imagination,4,0.000085,0.000793
meanwhile,13,0.000275,0.002254
moment,19,0.000402,0.003142
expert,5,0.000106,0.000968
disappear,3,0.000063,0.000613
absurd,3,0.000063,0.000613
chill,4,0.000085,0.000793
approaching,7,0.000148,0.001305
warnings,4,0.000085,0.000793
crying,6,0.000127,0.001138
americas,7,0.000148,0.001305
consider,4,0.000085,0.000793
encounters,13,0.000275,0.002254
definitely,10,0.000211,0.001789
written,7,0.000148,0.001305
labeled,4,0.000085,0.000793
secret,3,0.000063,0.000613
desk,15,0.000317,0.002555
idea,31,0.000656,0.004805
advertisement,6,0.000127,0.001138
massachusetts,11,0.000233,0.001946
rose,17,0.000359,0.002851
administrators,5,0.000106,0.000968
june,4,0.000085,0.000793
pittsburgh,6,0.000127,0.001138
murders,5,0.000106,0.000968
targeted,10,0.000211,0.001789
mostly,10,0.000211,0.001789
suddenly,12,0.000254,0.002101
malevolent,6,0.000127,0.001138
foot,9,0.000190,0.001630
erie,5,0.000106,0.000968
apprehended,3,0.000063,0.000613
original,4,0.000085,0.000793
chicago,15,0.000317,0.002555
eerie,6,0.000127,0.001138
schoolchildren,7,0.000148,0.001305
d,5,0.000106,0.000968
color,6,0.000127,0.001138
agree,10,0.000211,0.001789
haha,4,0.000085,0.000793
punched,3,0.000063,0.000613
grounds,6,0.000127,0.001138
sign,13,0.000275,0.002254
watching,9,0.000190,0.001630
outlets,3,0.000063,0.000613
flooded,4,0.000085,0.000793
exactly,19,0.000402,0.003142
dc,4,0.000085,0.000793
decline,4,0.000085,0.000793
ignoring,3,0.000063,0.000613
crimes,13,0.000275,0.002254
jersey,16,0.000338,0.002704
laughing,20,0.000423,0.003285
unrelated,3,0.000063,0.000613
late,29,0.000613,0.004536
visited,3,0.000063,0.000613
newspapers,3,0.000063,0.000613
indiana,4,0.000085,0.000793
starts,3,0.000063,0.000613
free,15,0.000317,0.002555
wall,6,0.000127,0.001138
giant,7,0.000148,0.001305
tribune,7,0.000148,0.001305
northwest,3,0.000063,0.000613
teenagers,13,0.000275,0.002254
doubt,8,0.000169,0.001469
link,3,0.000063,0.000613
creates,6,0.000127,0.001138
facts,4,0.000085,0.000793
ostensibly,4,0.000085,0.000793
creature,4,0.000085,0.000793
ruffled,3,0.000063,0.000613
bozo,6,0.000127,0.001138
derry,3,0.000063,0.000613
maine,5,0.000106,0.000968
youd,5,0.000106,0.000968
poor,8,0.000169,0.001469
battle,5,0.000106,0.000968
carries,3,0.000063,0.000613
bunch,10,0.000211,0.001789
famous,5,0.000106,0.000968
racist,3,0.000063,0.000613
book,20,0.000423,0.003285
slate,3,0.000063,0.000613
readers,3,0.000063,0.000613
american,15,0.000317,0.002555
beneath,8,0.000169,0.001469
basically,8,0.000169,0.001469
guessed,3,0.000063,0.000613
committed,9,0.000190,0.001630
hammond,4,0.000085,0.000793
mom,16,0.000338,0.002704
fights,4,0.000085,0.000793
accused,6,0.000127,0.001138
fight,13,0.000275,0.002254
arms,7,0.000148,0.001305
brief,3,0.000063,0.000613
count,5,0.000106,0.000968
electronic,4,0.000085,0.000793
pull,7,0.000148,0.001305
terrorize,5,0.000106,0.000968
clinging,3,0.000063,0.000613
views,5,0.000106,0.000968
filmed,6,0.000127,0.001138
keeping,10,0.000211,0.001789
lower,4,0.000085,0.000793
mcdonalds,15,0.000317,0.002555
thoughtful,4,0.000085,0.000793
participation,3,0.000063,0.000613
climate,6,0.000127,0.001138
los,7,0.000148,0.001305
angeles,7,0.000148,0.001305
pulls,3,0.000063,0.000613
ban,8,0.000169,0.001469
robberies,12,0.000254,0.002101
east,11,0.000233,0.001946
venue,3,0.000063,0.000613
mcduffie,4,0.000085,0.000793
cameron,7,0.000148,0.001305
wigs,3,0.000063,0.000613
mobile,3,0.000063,0.000613
screaming,7,0.000148,0.001305
eating,3,0.000063,0.000613
sticks,7,0.000148,0.001305
issues,5,0.000106,0.000968
highway,7,0.000148,0.001305
watch,17,0.000359,0.002851
predators,3,0.000063,0.000613
tn,5,0.000106,0.000968
tnhighwaypatrol,3,0.000063,0.000613
coffee,7,0.000148,0.001305
shops,5,0.000106,0.000968
rolling,4,0.000085,0.000793
fbi,15,0.000317,0.002555
blame,4,0.000085,0.000793
phoenix,5,0.000106,0.000968
districts,13,0.000275,0.002254
shaken,3,0.000063,0.000613
half,10,0.000211,0.001789
skipping,4,0.000085,0.000793
joined,8,0.000169,0.001469
tied,7,0.000148,0.001305
food,6,0.000127,0.001138
restaurant,6,0.000127,0.001138
taco,6,0.000127,0.001138
bell,8,0.000169,0.001469
busy,3,0.000063,0.000613
dominos,6,0.000127,0.001138
drivers,4,0.000085,0.000793
island,12,0.000254,0.002101
recorded,3,0.000063,0.000613
vehicles,3,0.000063,0.000613
brentwood,8,0.000169,0.001469
emerging,3,0.000063,0.000613
prankster,6,0.000127,0.001138
nine,4,0.000085,0.000793
communications,3,0.000063,0.000613
pennlivecom,3,0.000063,0.000613
hopped,4,0.000085,0.000793
yelled,11,0.000233,0.001946
disorderly,5,0.000106,0.000968
conduct,11,0.000233,0.001946
among,17,0.000359,0.002851
barbourville,3,0.000063,0.000613
advise,4,0.000085,0.000793
refrain,4,0.000085,0.000793
individual,8,0.000169,0.001469
forth,3,0.000063,0.000613
directed,4,0.000085,0.000793
loitering,3,0.000063,0.000613
short,10,0.000211,0.001789
frustrated,3,0.000063,0.000613
performs,6,0.000127,0.001138
runs,5,0.000106,0.000968
camp,3,0.000063,0.000613
hurting,3,0.000063,0.000613
perform,6,0.000127,0.001138
sparked,12,0.000254,0.002101
string,4,0.000085,0.000793
annapolis,6,0.000127,0.001138
untrue,4,0.000085,0.000793
attacking,5,0.000106,0.000968
web,4,0.000085,0.000793
app,6,0.000127,0.001138
measures,4,0.000085,0.000793
hunting,12,0.000254,0.002101
groups,8,0.000169,0.001469
fair,23,0.000486,0.003710
alot,3,0.000063,0.000613
ok,16,0.000338,0.002704
noise,7,0.000148,0.001305
fairly,3,0.000063,0.000613
fucking,33,0.000698,0.005072
mad,4,0.000085,0.000793
hide,13,0.000275,0.002254
seek,3,0.000063,0.000613
luck,5,0.000106,0.000968
goodbye,3,0.000063,0.000613
meet,12,0.000254,0.002101
famed,3,0.000063,0.000613
mascot,3,0.000063,0.000613
outright,3,0.000063,0.000613
regular,5,0.000106,0.000968
headlines,12,0.000254,0.002101
hawaii,3,0.000063,0.000613
radford,20,0.000423,0.003285
huffpost,3,0.000063,0.000613
shooting,13,0.000275,0.002254
levels,3,0.000063,0.000613
wondering,4,0.000085,0.000793
weapon,15,0.000317,0.002555
points,188,0.003976,0.021975
guys,33,0.000698,0.005072
shotgun,3,0.000063,0.000613
lately,6,0.000127,0.001138
waex,3,0.000063,0.000613
threaten,7,0.000148,0.001305
unarmed,5,0.000106,0.000968
nonviolent,3,0.000063,0.000613
shoot,21,0.000444,0.003428
considered,8,0.000169,0.001469
dumb,9,0.000190,0.001630
fuck,18,0.000381,0.002997
bat,11,0.000233,0.001946
easier,10,0.000211,0.001789
u,4,0.000085,0.000793
baseball,7,0.000148,0.001305
wrapped,6,0.000127,0.001138
bear,8,0.000169,0.001469
hidden,3,0.000063,0.000613
killing,10,0.000211,0.001789
lol,9,0.000190,0.001630
hilarious,5,0.000106,0.000968
dedham,5,0.000106,0.000968
messages,11,0.000233,0.001946
prompting,5,0.000106,0.000968
monitor,5,0.000106,0.000968
cell,5,0.000106,0.000968
texts,4,0.000085,0.000793
superintendent,5,0.000106,0.000968
michael,4,0.000085,0.000793
welch,4,0.000085,0.000793
friendly,3,0.000063,0.000613
sooner,4,0.000085,0.000793
unless,5,0.000106,0.000968
stupid,21,0.000444,0.003428
id,23,0.000486,0.003710
behaviour,8,0.000169,0.001469
hype,3,0.000063,0.000613
fuel,3,0.000063,0.000613
wow,6,0.000127,0.001138
source,6,0.000127,0.001138
risk,6,0.000127,0.001138
buy,4,0.000085,0.000793
bam,3,0.000063,0.000613
guy,17,0.000359,0.002851
literally,12,0.000254,0.002101
albany,4,0.000085,0.000793
ny,4,0.000085,0.000793
unsettling,3,0.000063,0.000613
humans,3,0.000063,0.000613
eligmons,3,0.000063,0.000613
glad,5,0.000106,0.000968
anyways,13,0.000275,0.002254
participate,3,0.000063,0.000613
commotion,3,0.000063,0.000613
shows,9,0.000190,0.001630
misunderstood,4,0.000085,0.000793
stands,3,0.000063,0.000613
hotel,3,0.000063,0.000613
room,23,0.000486,0.003710
agreement,3,0.000063,0.000613
speaks,3,0.000063,0.000613
participants,11,0.000233,0.001946
fan,4,0.000085,0.000793
grin,6,0.000127,0.001138
wake,4,0.000085,0.000793
whom,3,0.000063,0.000613
generation,3,0.000063,0.000613
focused,5,0.000106,0.000968
sitting,12,0.000254,0.002101
notes,33,0.000698,0.005072
cotton,4,0.000085,0.000793
water,9,0.000190,0.001630
suburban,4,0.000085,0.000793
priscilla,3,0.000063,0.000613
mooseburger,8,0.000169,0.001469
branch,3,0.000063,0.000613
church,5,0.000106,0.000968
wholesome,3,0.000063,0.000613
empire,3,0.000063,0.000613
former,10,0.000211,0.001789
brothers,6,0.000127,0.001138
listed,3,0.000063,0.000613
linkedin,3,0.000063,0.000613
queen,3,0.000063,0.000613
arts,5,0.000106,0.000968
complicated,3,0.000063,0.000613
sex,6,0.000127,0.001138
tim,9,0.000190,0.001630
curry,3,0.000063,0.000613
storm,6,0.000127,0.001138
adams,6,0.000127,0.001138
mention,8,0.000169,0.001469
smiling,4,0.000085,0.000793
realize,4,0.000085,0.000793
rally,7,0.000148,0.001305
usual,6,0.000127,0.001138
garb,4,0.000085,0.000793
construction,4,0.000085,0.000793
sites,4,0.000085,0.000793
uk,22,0.000465,0.003570
shortage,3,0.000063,0.000613
trade,3,0.000063,0.000613
international,4,0.000085,0.000793
nonetheless,8,0.000169,0.001469
glen,3,0.000063,0.000613
interest,5,0.000106,0.000968
joining,3,0.000063,0.000613
species,3,0.000063,0.000613
rushing,4,0.000085,0.000793
jobs,4,0.000085,0.000793
higher,5,0.000106,0.000968
opens,3,0.000063,0.000613
floor,7,0.000148,0.001305
joker,4,0.000085,0.000793
spite,3,0.000063,0.000613
promotion,3,0.000063,0.000613
interested,7,0.000148,0.001305
menacingly,4,0.000085,0.000793
distance,4,0.000085,0.000793
directly,4,0.000085,0.000793
leaning,3,0.000063,0.000613
series,8,0.000169,0.001469
referring,6,0.000127,0.001138
bag,21,0.000444,0.003428
myself,8,0.000169,0.001469
filled,5,0.000106,0.000968
hall,3,0.000063,0.000613
guests,3,0.000063,0.000613
stare,7,0.000148,0.001305
regard,3,0.000063,0.000613
share,12,0.000254,0.002101
deeper,3,0.000063,0.000613
average,3,0.000063,0.000613
softly,3,0.000063,0.000613
conversations,4,0.000085,0.000793
return,5,0.000106,0.000968
backlash,3,0.000063,0.000613
sight,14,0.000296,0.002405
jr,6,0.000127,0.001138
juggalos,8,0.000169,0.001469
million,5,0.000106,0.000968
interesting,8,0.000169,0.001469
sentiment,3,0.000063,0.000613
revered,3,0.000063,0.000613
feared,4,0.000085,0.000793
fascination,4,0.000085,0.000793
currently,11,0.000233,0.001946
condoms,3,0.000063,0.000613
thanks,27,0.000571,0.004264
proof,5,0.000106,0.000968
beating,5,0.000106,0.000968
skin,3,0.000063,0.000613
hang,4,0.000085,0.000793
allowed,9,0.000190,0.001630
hunt,18,0.000381,0.002997
majority,8,0.000169,0.001469
choose,3,0.000063,0.000613
cheap,6,0.000127,0.001138
followup,5,0.000106,0.000968
henry,29,0.000613,0.004536
probation,3,0.000063,0.000613
job,13,0.000275,0.002254
gave,20,0.000423,0.003285
dude,20,0.000423,0.003285
moved,4,0.000085,0.000793
henrys,3,0.000063,0.000613
dead,13,0.000275,0.002254
ironically,3,0.000063,0.000613
somehow,5,0.000106,0.000968
besides,4,0.000085,0.000793
god,16,0.000338,0.002704
gas,5,0.000106,0.000968
holy,8,0.000169,0.001469
tonight,6,0.000127,0.001138
huge,12,0.000254,0.002101
trouble,8,0.000169,0.001469
dammit,3,0.000063,0.000613
tone,3,0.000063,0.000613
huh,10,0.000211,0.001789
must,13,0.000275,0.002254
trap,3,0.000063,0.000613
fell,12,0.000254,0.002101
alright,20,0.000423,0.003285
surrounded,3,0.000063,0.000613
replied,3,0.000063,0.000613
surprise,3,0.000063,0.000613
shut,11,0.000233,0.001946
coward,4,0.000085,0.000793
murder,8,0.000169,0.001469
bitch,5,0.000106,0.000968
squad,3,0.000063,0.000613
drove,6,0.000127,0.001138
lifted,5,0.000106,0.000968
kicked,3,0.000063,0.000613
leader,4,0.000085,0.000793
intentionally,4,0.000085,0.000793
building,8,0.000169,0.001469
dove,4,0.000085,0.000793
sending,7,0.000148,0.001305
ready,11,0.000233,0.001946
blew,5,0.000106,0.000968
originally,3,0.000063,0.000613
sleeping,5,0.000106,0.000968
kinda,4,0.000085,0.000793
asleep,4,0.000085,0.000793
neighbors,4,0.000085,0.000793
thinking,6,0.000127,0.001138
sensation,3,0.000063,0.000613
wide,5,0.000106,0.000968
hero,16,0.000338,0.002704
dare,3,0.000063,0.000613
surprisingly,4,0.000085,0.000793
education,4,0.000085,0.000793
religion,3,0.000063,0.000613
oldest,3,0.000063,0.000613
genuinely,3,0.000063,0.000613
steps,8,0.000169,0.001469
albeit,3,0.000063,0.000613
centre,6,0.000127,0.001138
service,7,0.000148,0.001305
twice,3,0.000063,0.000613
simple,6,0.000127,0.001138
waited,4,0.000085,0.000793
darkness,3,0.000063,0.000613
fallen,4,0.000085,0.000793
admit,8,0.000169,0.001469
hopes,4,0.000085,0.000793
daylight,3,0.000063,0.000613
ten,6,0.000127,0.001138
chances,9,0.000190,0.001630
hour,7,0.000148,0.001305
reach,3,0.000063,0.000613
upset,6,0.000127,0.001138
comfortable,3,0.000063,0.000613
wait,11,0.000233,0.001946
ahead,8,0.000169,0.001469
answers,5,0.000106,0.000968
woke,3,0.000063,0.000613
lawn,7,0.000148,0.001305
nice,22,0.000465,0.003570
selection,3,0.000063,0.000613
breakfast,3,0.000063,0.000613
thoughts,7,0.000148,0.001305
blind,3,0.000063,0.000613
assault,3,0.000063,0.000613
nod,3,0.000063,0.000613
settled,3,0.000063,0.000613
hadnt,16,0.000338,0.002704
minute,4,0.000085,0.000793
discover,3,0.000063,0.000613
patterns,4,0.000085,0.000793
expecting,9,0.000190,0.001630
lips,6,0.000127,0.001138
prepared,4,0.000085,0.000793
changed,6,0.000127,0.001138
aside,3,0.000063,0.000613
nodded,7,0.000148,0.001305
confused,5,0.000106,0.000968
screamed,4,0.000085,0.000793
laughed,7,0.000148,0.001305
sounded,3,0.000063,0.000613
throat,7,0.000148,0.001305
grass,4,0.000085,0.000793
cry,6,0.000127,0.001138
background,3,0.000063,0.000613
pain,5,0.000106,0.000968
ears,4,0.000085,0.000793
heart,14,0.000296,0.002405
painting,7,0.000148,0.001305
yanked,3,0.000063,0.000613
mouths,3,0.000063,0.000613
barely,12,0.000254,0.002101
overtook,4,0.000085,0.000793
shopping,4,0.000085,0.000793
peculiar,3,0.000063,0.000613
sun,4,0.000085,0.000793
fool,3,0.000063,0.000613
ruined,3,0.000063,0.000613
complained,3,0.000063,0.000613
sons,3,0.000063,0.000613
husband,3,0.000063,0.000613
freaking,5,0.000106,0.000968
cake,6,0.000127,0.001138
nightmares,3,0.000063,0.000613
sidewalk,8,0.000169,0.001469
distress,5,0.000106,0.000968
suggested,6,0.000127,0.001138
bauman,3,0.000063,0.000613
scanner,4,0.000085,0.000793
acts,5,0.000106,0.000968
aint,4,0.000085,0.000793
summary,9,0.000190,0.001630
nathanael,100,0.002115,0.013024
kurtzberg,5,0.000106,0.000968
powers,12,0.000254,0.002101
ladybug,19,0.000402,0.003142
chat,19,0.000402,0.003142
noir,14,0.000296,0.002405
akuma,8,0.000169,0.001469
welcome,5,0.000106,0.000968
appreciate,4,0.000085,0.000793
chapter,40,0.000846,0.005985
prologue,4,0.000085,0.000793
ramone,4,0.000085,0.000793
akumatized,6,0.000127,0.001138
chapters,5,0.000106,0.000968
edit,5,0.000106,0.000968
eventually,7,0.000148,0.001305
takes,14,0.000296,0.002405
hated,5,0.000106,0.000968
ridiculous,7,0.000148,0.001305
hed,39,0.000825,0.005856
paris,9,0.000190,0.001630
gotta,6,0.000127,0.001138
pocket,12,0.000254,0.002101
damn,5,0.000106,0.000968
paid,3,0.000063,0.000613
olds,5,0.000106,0.000968
scoffed,5,0.000106,0.000968
roll,3,0.000063,0.000613
sigh,10,0.000211,0.001789
entertain,4,0.000085,0.000793
mistake,3,0.000063,0.000613
subordinate,3,0.000063,0.000613
bathroom,5,0.000106,0.000968
setting,3,0.000063,0.000613
properly,4,0.000085,0.000793
offended,4,0.000085,0.000793
raised,11,0.000233,0.001946
eyebrow,6,0.000127,0.001138
couch,5,0.000106,0.000968
moms,5,0.000106,0.000968
guess,12,0.000254,0.002101
lucky,8,0.000169,0.001469
brats,3,0.000063,0.000613
crowd,5,0.000106,0.000968
pretend,3,0.000063,0.000613
finish,6,0.000127,0.001138
sir,6,0.000127,0.001138
muttered,4,0.000085,0.000793
wince,3,0.000063,0.000613
rules,3,0.000063,0.000613
fist,3,0.000063,0.000613
empty,6,0.000127,0.001138
lap,4,0.000085,0.000793
wanna,5,0.000106,0.000968
chicken,4,0.000085,0.000793
cross,5,0.000106,0.000968
silence,5,0.000106,0.000968
harder,3,0.000063,0.000613
family,21,0.000444,0.003428
covering,3,0.000063,0.000613
glare,3,0.000063,0.000613
snake,3,0.000063,0.000613
shouted,4,0.000085,0.000793
straight,8,0.000169,0.001469
mess,8,0.000169,0.001469
ended,6,0.000127,0.001138
finding,4,0.000085,0.000793
blow,5,0.000106,0.000968
startled,3,0.000063,0.000613
manage,5,0.000106,0.000968
uh,4,0.000085,0.000793
pulled,20,0.000423,0.003285
teeth,7,0.000148,0.001305
shook,4,0.000085,0.000793
thatll,3,0.000063,0.000613
pissed,3,0.000063,0.000613
messed,3,0.000063,0.000613
forced,9,0.000190,0.001630
pay,9,0.000190,0.001630
slammed,5,0.000106,0.000968
picked,3,0.000063,0.000613
plus,3,0.000063,0.000613
flying,4,0.000085,0.000793
hawkmoth,7,0.000148,0.001305
show,22,0.000465,0.003570
revenge,3,0.000063,0.000613
items,3,0.000063,0.000613
chloe,37,0.000782,0.005597
rude,4,0.000085,0.000793
honestly,7,0.000148,0.001305
teasing,5,0.000106,0.000968
main,7,0.000148,0.001305
sabrinas,3,0.000063,0.000613
tomato,5,0.000106,0.000968
disrupting,5,0.000106,0.000968
drawing,19,0.000402,0.003142
partner,3,0.000063,0.000613
lila,19,0.000402,0.003142
snatched,3,0.000063,0.000613
marinette,27,0.000571,0.004264
drawn,4,0.000085,0.000793
skull,3,0.000063,0.000613
burning,6,0.000127,0.001138
watched,7,0.000148,0.001305
carrot,7,0.000148,0.001305
ashamed,3,0.000063,0.000613
sabrina,9,0.000190,0.001630
taunted,3,0.000063,0.000613
kim,5,0.000106,0.000968
flew,3,0.000063,0.000613
widened,3,0.000063,0.000613
realized,10,0.000211,0.001789
tore,3,0.000063,0.000613
slow,3,0.000063,0.000613
torture,3,0.000063,0.000613
redhead,4,0.000085,0.000793
felt,39,0.000825,0.005856
cheeks,4,0.000085,0.000793
ii,4,0.000085,0.000793
evillustrator,4,0.000085,0.000793
sympathetic,3,0.000063,0.000613
bitter,3,0.000063,0.000613
victims,14,0.000296,0.002405
comic,9,0.000190,0.001630
afterward,3,0.000063,0.000613
perfect,8,0.000169,0.001469
adrien,7,0.000148,0.001305
chest,10,0.000211,0.001789
seat,4,0.000085,0.000793
sketchbook,16,0.000338,0.002704
pages,5,0.000106,0.000968
shocked,5,0.000106,0.000968
flatout,3,0.000063,0.000613
whipped,6,0.000127,0.001138
bustier,6,0.000127,0.001138
crossed,3,0.000063,0.000613
explain,4,0.000085,0.000793
seconds,4,0.000085,0.000793
tourists,3,0.000063,0.000613
utterly,4,0.000085,0.000793
humiliating,3,0.000063,0.000613
chloes,4,0.000085,0.000793
tight,3,0.000063,0.000613
thirty,3,0.000063,0.000613
drawings,6,0.000127,0.001138
pencil,12,0.000254,0.002101
powerful,4,0.000085,0.000793
pencils,4,0.000085,0.000793
perhaps,4,0.000085,0.000793
cost,3,0.000063,0.000613
jardins,4,0.000085,0.000793
du,3,0.000063,0.000613
headed,7,0.000148,0.001305
silver,4,0.000085,0.000793
staff,9,0.000190,0.001630
heroes,3,0.000063,0.000613
unnatural,3,0.000063,0.000613
tense,3,0.000063,0.000613
fashion,4,0.000085,0.000793
smiled,7,0.000148,0.001305
urge,4,0.000085,0.000793
closer,16,0.000338,0.002704
falling,6,0.000127,0.001138
rushed,6,0.000127,0.001138
luckily,3,0.000063,0.000613
thin,3,0.000063,0.000613
breathing,3,0.000063,0.000613
booked,4,0.000085,0.000793
glance,6,0.000127,0.001138
sped,5,0.000106,0.000968
tomorrow,10,0.000211,0.001789
decide,6,0.000127,0.001138
missed,5,0.000106,0.000968
cafe,3,0.000063,0.000613
brick,7,0.000148,0.001305
above,7,0.000148,0.001305
nathanaels,7,0.000148,0.001305
saved,4,0.000085,0.000793
bite,3,0.000063,0.000613
updating,3,0.000063,0.000613
schedule,5,0.000106,0.000968
update,11,0.000233,0.001946
regularly,4,0.000085,0.000793
enjoy,10,0.000211,0.001789
frozen,3,0.000063,0.000613
courage,3,0.000063,0.000613
movement,6,0.000127,0.001138
adrenaline,3,0.000063,0.000613
grip,4,0.000085,0.000793
shifted,7,0.000148,0.001305
shoulder,14,0.000296,0.002405
mans,4,0.000085,0.000793
everyones,6,0.000127,0.001138
brain,3,0.000063,0.000613
zone,4,0.000085,0.000793
veins,3,0.000063,0.000613
conditioning,3,0.000063,0.000613
ah,3,0.000063,0.000613
table,11,0.000233,0.001946
tea,9,0.000190,0.001630
cup,3,0.000063,0.000613
healing,5,0.000106,0.000968
shop,10,0.000211,0.001789
bandages,3,0.000063,0.000613
figured,5,0.000106,0.000968
horrible,4,0.000085,0.000793
brought,10,0.000211,0.001789
honey,3,0.000063,0.000613
project,9,0.000190,0.001630
drop,3,0.000063,0.000613
worse,11,0.000233,0.001946
seemingly,3,0.000063,0.000613
worries,7,0.000148,0.001305
messenger,3,0.000063,0.000613
pathetic,5,0.000106,0.000968
shouldnt,8,0.000169,0.001469
memories,7,0.000148,0.001305
remembered,4,0.000085,0.000793
liked,4,0.000085,0.000793
letting,6,0.000127,0.001138
understand,14,0.000296,0.002405
deserve,4,0.000085,0.000793
mood,4,0.000085,0.000793
sudden,11,0.000233,0.001946
glass,8,0.000169,0.001469
twist,3,0.000063,0.000613
slipped,5,0.000106,0.000968
swing,3,0.000063,0.000613
bakery,3,0.000063,0.000613
anyhow,3,0.000063,0.000613
warm,4,0.000085,0.000793
glanced,3,0.000063,0.000613
menu,3,0.000063,0.000613
order,15,0.000317,0.002555
tool,3,0.000063,0.000613
rested,3,0.000063,0.000613
rise,11,0.000233,0.001946
ignore,4,0.000085,0.000793
sister,5,0.000106,0.000968
rush,3,0.000063,0.000613
sorry,10,0.000211,0.001789
distracted,4,0.000085,0.000793
lunch,6,0.000127,0.001138
skip,3,0.000063,0.000613
dropped,6,0.000127,0.001138
branded,7,0.000148,0.001305
alix,16,0.000338,0.002704
yo,3,0.000063,0.000613
painful,3,0.000063,0.000613
crap,7,0.000148,0.001305
wonderful,6,0.000127,0.001138
box,4,0.000085,0.000793
updated,3,0.000063,0.000613
future,6,0.000127,0.001138
holidays,3,0.000063,0.000613
tumblr,3,0.000063,0.000613
itll,5,0.000106,0.000968
notifications,3,0.000063,0.000613
blanket,3,0.000063,0.000613
screen,8,0.000169,0.001469
reporter,6,0.000127,0.001138
landing,4,0.000085,0.000793
injured,5,0.000106,0.000968
knows,13,0.000275,0.002254
alerts,5,0.000106,0.000968
encountered,3,0.000063,0.000613
thanked,3,0.000063,0.000613
stressed,5,0.000106,0.000968
gathered,6,0.000127,0.001138
fit,7,0.000148,0.001305
necklace,4,0.000085,0.000793
gathering,7,0.000148,0.001305
peek,3,0.000063,0.000613
bookbag,5,0.000106,0.000968
breath,6,0.000127,0.001138
appear,10,0.000211,0.001789
trixx,28,0.000592,0.004400
kwami,11,0.000233,0.001946
superpowers,5,0.000106,0.000968
villains,3,0.000063,0.000613
excitement,3,0.000063,0.000613
villain,3,0.000063,0.000613
chosen,3,0.000063,0.000613
floating,3,0.000063,0.000613
transform,9,0.000190,0.001630
intrigued,3,0.000063,0.000613
knowing,4,0.000085,0.000793
general,3,0.000063,0.000613
maintenance,4,0.000085,0.000793
miraculous,3,0.000063,0.000613
carry,12,0.000254,0.002101
frantically,4,0.000085,0.000793
promise,6,0.000127,0.001138
bacon,5,0.000106,0.000968
bits,4,0.000085,0.000793
ooh,6,0.000127,0.001138
flute,19,0.000402,0.003142
lessons,4,0.000085,0.000793
grinned,7,0.000148,0.001305
effects,3,0.000063,0.000613
waste,4,0.000085,0.000793
sword,7,0.000148,0.001305
enjoyed,4,0.000085,0.000793
yesterday,14,0.000296,0.002405
meeting,3,0.000063,0.000613
fingers,8,0.000169,0.001469
glancing,3,0.000063,0.000613
eh,4,0.000085,0.000793
finished,4,0.000085,0.000793
fix,3,0.000063,0.000613
model,3,0.000063,0.000613
alley,3,0.000063,0.000613
quiet,3,0.000063,0.000613
handle,4,0.000085,0.000793
awesome,4,0.000085,0.000793
creep,9,0.000190,0.001630
dunno,5,0.000106,0.000968
couldve,4,0.000085,0.000793
nino,5,0.000106,0.000968
stairs,4,0.000085,0.000793
twenty,3,0.000063,0.000613
prove,3,0.000063,0.000613
concerns,10,0.000211,0.001789
reply,14,0.000296,0.002405
akumas,3,0.000063,0.000613
backpack,6,0.000127,0.001138
lockers,3,0.000063,0.000613
nearly,8,0.000169,0.001469
juleka,6,0.000127,0.001138
hung,5,0.000106,0.000968
plans,5,0.000106,0.000968
personally,3,0.000063,0.000613
rate,3,0.000063,0.000613
instruments,4,0.000085,0.000793
grade,6,0.000127,0.001138
disappointment,3,0.000063,0.000613
homework,4,0.000085,0.000793
lesson,4,0.000085,0.000793
tugging,3,0.000063,0.000613
ringing,4,0.000085,0.000793
laid,5,0.000106,0.000968
wants,5,0.000106,0.000968
ugly,3,0.000063,0.000613
stayed,3,0.000063,0.000613
jaw,3,0.000063,0.000613
commented,6,0.000127,0.001138
decent,3,0.000063,0.000613
worn,5,0.000106,0.000968
nasty,3,0.000063,0.000613
rioting,6,0.000127,0.001138
max,3,0.000063,0.000613
ass,5,0.000106,0.000968
tugged,3,0.000063,0.000613
slung,3,0.000063,0.000613
turning,3,0.000063,0.000613
anytime,3,0.000063,0.000613
ways,5,0.000106,0.000968
tired,4,0.000085,0.000793
trickster,4,0.000085,0.000793
file,6,0.000127,0.001138
heading,3,0.000063,0.000613
streams,3,0.000063,0.000613
tony,13,0.000275,0.002254
cute,6,0.000127,0.001138
correct,4,0.000085,0.000793
criminals,5,0.000106,0.000968
fucked,3,0.000063,0.000613
idiot,4,0.000085,0.000793
frustration,3,0.000063,0.000613
gordon,3,0.000063,0.000613
control,10,0.000211,0.001789
psycho,10,0.000211,0.001789
stays,3,0.000063,0.000613
jokers,3,0.000063,0.000613
boyfriend,3,0.000063,0.000613
admitted,7,0.000148,0.001305
sweet,3,0.000063,0.000613
event,17,0.000359,0.002851
convince,3,0.000063,0.000613
sam,24,0.000508,0.003850
yn,10,0.000211,0.001789
music,4,0.000085,0.000793
popcorn,3,0.000063,0.000613
booth,6,0.000127,0.001138
sams,6,0.000127,0.001138
kiss,3,0.000063,0.000613
kissing,3,0.000063,0.000613
ruining,4,0.000085,0.000793
jump,4,0.000085,0.000793
nowhere,5,0.000106,0.000968
dean,5,0.000106,0.000968
bunker,3,0.000063,0.000613
salt,6,0.000127,0.001138
sigils,3,0.000063,0.000613
angel,3,0.000063,0.000613
etc,3,0.000063,0.000613
spend,6,0.000127,0.001138
wears,4,0.000085,0.000793
wasco,5,0.000106,0.000968
frightened,5,0.000106,0.000968
comfort,3,0.000063,0.000613
instagram,16,0.000338,0.002704
fortunately,4,0.000085,0.000793
folklore,6,0.000127,0.001138
benjamin,4,0.000085,0.000793
fad,4,0.000085,0.000793
unsubstantiated,6,0.000127,0.001138
rumor,10,0.000211,0.001789
mix,3,0.000063,0.000613
pervasive,3,0.000063,0.000613
myth,4,0.000085,0.000793
stunts,3,0.000063,0.000613
classic,4,0.000085,0.000793
expression,9,0.000190,0.001630
anxiety,20,0.000423,0.003285
amusement,3,0.000063,0.000613
coincidence,4,0.000085,0.000793
discomfort,4,0.000085,0.000793
sorts,3,0.000063,0.000613
panics,3,0.000063,0.000613
tend,5,0.000106,0.000968
underlying,4,0.000085,0.000793
political,10,0.000211,0.001789
sensationalized,4,0.000085,0.000793
legends,11,0.000233,0.001946
accounts,9,0.000190,0.001630
hashtag,16,0.000338,0.002704
ifiseeaclown,3,0.000063,0.000613
users,5,0.000106,0.000968
tradition,5,0.000106,0.000968
sharing,5,0.000106,0.000968
retweet,7,0.000148,0.001305
legend,5,0.000106,0.000968
alternate,3,0.000063,0.000613
organized,7,0.000148,0.001305
spirit,4,0.000085,0.000793
barbara,3,0.000063,0.000613
anniversary,3,0.000063,0.000613
plaguing,3,0.000063,0.000613
don,4,0.000085,0.000793
hollywood,6,0.000127,0.001138
lentz,4,0.000085,0.000793
thinks,7,0.000148,0.001305
specifically,9,0.000190,0.001630
inducing,4,0.000085,0.000793
homeland,5,0.000106,0.000968
gallatin,3,0.000063,0.000613
americans,18,0.000381,0.002997
central,7,0.000148,0.001305
oregon,12,0.000254,0.002101
tampa,3,0.000063,0.000613
portland,7,0.000148,0.001305
beaver,6,0.000127,0.001138
firing,3,0.000063,0.000613
largo,4,0.000085,0.000793
babylon,10,0.000211,0.001789
breaks,4,0.000085,0.000793
syracuse,4,0.000085,0.000793
hides,5,0.000106,0.000968
lehigh,4,0.000085,0.000793
tweet,5,0.000106,0.000968
covered,3,0.000063,0.000613
uptick,5,0.000106,0.000968
sgt,14,0.000296,0.002405
pete,3,0.000063,0.000613
spokesperson,7,0.000148,0.001305
rich,4,0.000085,0.000793
weiner,3,0.000063,0.000613
tennis,4,0.000085,0.000793
millions,5,0.000106,0.000968
genuine,3,0.000063,0.000613
sara,3,0.000063,0.000613
places,8,0.000169,0.001469
channel,4,0.000085,0.000793
employee,4,0.000085,0.000793
suffolk,6,0.000127,0.001138
stu,3,0.000063,0.000613
assaults,3,0.000063,0.000613
intentional,3,0.000063,0.000613
trespassing,5,0.000106,0.000968
peace,11,0.000233,0.001946
owens,5,0.000106,0.000968
works,4,0.000085,0.000793
phillipsburg,10,0.000211,0.001789
toms,9,0.000190,0.001630
attorney,6,0.000127,0.001138
requested,3,0.000063,0.000613
berks,3,0.000063,0.000613
dispute,4,0.000085,0.000793
locust,4,0.000085,0.000793
memorial,4,0.000085,0.000793
todays,5,0.000106,0.000968
christian,3,0.000063,0.000613
t,3,0.000063,0.000613
homicide,4,0.000085,0.000793
row,4,0.000085,0.000793
hospital,7,0.000148,0.001305
tolerated,3,0.000063,0.000613
spurred,3,0.000063,0.000613
theatrical,3,0.000063,0.000613
stettner,7,0.000148,0.001305
borough,4,0.000085,0.000793
easton,5,0.000106,0.000968
huntingdon,4,0.000085,0.000793
harrisburg,3,0.000063,0.000613
rule,5,0.000106,0.000968
somebodys,3,0.000063,0.000613
cult,5,0.000106,0.000968
features,7,0.000148,0.001305
questioned,3,0.000063,0.000613
allow,5,0.000106,0.000968
insurance,4,0.000085,0.000793
fayette,3,0.000063,0.000613
grown,3,0.000063,0.000613
amused,3,0.000063,0.000613
limited,4,0.000085,0.000793
determine,6,0.000127,0.001138
merely,3,0.000063,0.000613
robbery,8,0.000169,0.001469
chapman,3,0.000063,0.000613
survey,5,0.000106,0.000968
hundreds,17,0.000359,0.002851
trump,9,0.000190,0.001630
politics,5,0.000106,0.000968
poll,8,0.000169,0.001469
scarier,5,0.000106,0.000968
identify,6,0.000127,0.001138
government,6,0.000127,0.001138
heights,4,0.000085,0.000793
roam,4,0.000085,0.000793
respondents,4,0.000085,0.000793
marked,3,0.000063,0.000613
determined,5,0.000106,0.000968
creepier,3,0.000063,0.000613
nypd,8,0.000169,0.001469
commissioner,5,0.000106,0.000968
tweeted,11,0.000233,0.001946
essex,4,0.000085,0.000793
invited,8,0.000169,0.001469
aged,4,0.000085,0.000793
cop,3,0.000063,0.000613
parts,7,0.000148,0.001305
offences,3,0.000063,0.000613
wales,4,0.000085,0.000793
frighten,7,0.000148,0.001305
lecturer,4,0.000085,0.000793
scale,3,0.000063,0.000613
thrill,4,0.000085,0.000793
riots,5,0.000106,0.000968
spotting,4,0.000085,0.000793
newcastle,3,0.000063,0.000613
britain,4,0.000085,0.000793
prevalent,3,0.000063,0.000613
worrying,3,0.000063,0.000613
linked,5,0.000106,0.000968
committing,7,0.000148,0.001305
terrorism,3,0.000063,0.000613
✔,6,0.000127,0.001138
sep,7,0.000148,0.001305
retweets,11,0.000233,0.001946
northumbria,4,0.000085,0.000793
experts,6,0.000127,0.001138
surge,4,0.000085,0.000793
explained,7,0.000148,0.001305
pizza,3,0.000063,0.000613
rounds,3,0.000063,0.000613
heads,3,0.000063,0.000613
popular,7,0.000148,0.001305
leak,3,0.000063,0.000613
davis,9,0.000190,0.001630
thousands,10,0.000211,0.001789
cancelled,5,0.000106,0.000968
exclusive,4,0.000085,0.000793
emma,3,0.000063,0.000613
legal,7,0.000148,0.001305
nude,3,0.000063,0.000613
beauty,3,0.000063,0.000613
mark,5,0.000106,0.000968
dan,3,0.000063,0.000613
dies,3,0.000063,0.000613
team,3,0.000063,0.000613
english,5,0.000106,0.000968
callaway,3,0.000063,0.000613
franklin,3,0.000063,0.000613
geneva,6,0.000127,0.001138
profiles,4,0.000085,0.000793
calhoun,3,0.000063,0.000613
appropriate,5,0.000106,0.000968
dick,4,0.000085,0.000793
milhollan,4,0.000085,0.000793
duo,5,0.000106,0.000968
slappy,4,0.000085,0.000793
livelihood,3,0.000063,0.000613
trending,4,0.000085,0.000793
overall,3,0.000063,0.000613
pisoni,6,0.000127,0.001138
performing,8,0.000169,0.001469
documentary,3,0.000063,0.000613
demented,6,0.000127,0.001138
parades,4,0.000085,0.000793
australia,6,0.000127,0.001138
alias,3,0.000063,0.000613
shakespeares,3,0.000063,0.000613
era,3,0.000063,0.000613
charlie,3,0.000063,0.000613
traveling,4,0.000085,0.000793
festival,5,0.000106,0.000968
bill,4,0.000085,0.000793
ricketts,6,0.000127,0.001138
bandwagon,4,0.000085,0.000793
cart,3,0.000063,0.000613
phobias,7,0.000148,0.001305
murdered,3,0.000063,0.000613
males,3,0.000063,0.000613
illinois,3,0.000063,0.000613
stage,4,0.000085,0.000793
novelist,5,0.000106,0.000968
writes,3,0.000063,0.000613
float,3,0.000063,0.000613
em,14,0.000296,0.002405
kiddies,14,0.000296,0.002405
user,6,0.000127,0.001138
apparent,3,0.000063,0.000613
connecticut,5,0.000106,0.000968
mob,7,0.000148,0.001305
defense,3,0.000063,0.000613
racial,4,0.000085,0.000793
smiles,3,0.000063,0.000613
loss,4,0.000085,0.000793
marysville,6,0.000127,0.001138
sacramento,3,0.000063,0.000613
sachs,3,0.000063,0.000613
unified,3,0.000063,0.000613
gigs,5,0.000106,0.000968
schooley,4,0.000085,0.000793
entertaining,3,0.000063,0.000613
peaceful,9,0.000190,0.001630
hug,7,0.000148,0.001305
proliferation,3,0.000063,0.000613
industry,7,0.000148,0.001305
caption,3,0.000063,0.000613
spokane,8,0.000169,0.001469
coeur,3,0.000063,0.000613
dalene,3,0.000063,0.000613
tacoma,3,0.000063,0.000613
collective,3,0.000063,0.000613
validity,3,0.000063,0.000613
belmont,3,0.000063,0.000613
bats,5,0.000106,0.000968
greek,5,0.000106,0.000968
google,5,0.000106,0.000968
tweeting,4,0.000085,0.000793
rap,4,0.000085,0.000793
lose,5,0.000106,0.000968
reactions,4,0.000085,0.000793
gregory,3,0.000063,0.000613
waianae,5,0.000106,0.000968
intermediate,4,0.000085,0.000793
army,4,0.000085,0.000793
da,3,0.000063,0.000613
trickortreating,3,0.000063,0.000613
carson,3,0.000063,0.000613
downtown,10,0.000211,0.001789
program,4,0.000085,0.000793
troubling,4,0.000085,0.000793
dallas,5,0.000106,0.000968
principal,5,0.000106,0.000968
junior,4,0.000085,0.000793
grew,3,0.000063,0.000613
perception,3,0.000063,0.000613
whereas,3,0.000063,0.000613
culture,7,0.000148,0.001305
ambiguous,3,0.000063,0.000613
figures,5,0.000106,0.000968
vast,4,0.000085,0.000793
log,3,0.000063,0.000613
riot,3,0.000063,0.000613
utah,5,0.000106,0.000968
depicted,3,0.000063,0.000613
hysteriamost,7,0.000148,0.001305
stephenking,4,0.000085,0.000793
liminal,4,0.000085,0.000793
anger,3,0.000063,0.000613
immigration,3,0.000063,0.000613
immigrants,4,0.000085,0.000793
shares,5,0.000106,0.000968
clinton,3,0.000063,0.000613
senior,3,0.000063,0.000613
centuries,3,0.000063,0.000613
massive,3,0.000063,0.000613
blackface,4,0.000085,0.000793
seasons,3,0.000063,0.000613
uncomfortable,6,0.000127,0.001138
themes,3,0.000063,0.000613
wind,3,0.000063,0.000613
foolish,3,0.000063,0.000613
stańczyk,4,0.000085,0.000793
period,6,0.000127,0.001138
tales,4,0.000085,0.000793
content,8,0.000169,0.001469
pie,4,0.000085,0.000793
tweets,9,0.000190,0.001630
swatting,3,0.000063,0.000613
bomb,4,0.000085,0.000793
haven,3,0.000063,0.000613
obama,3,0.000063,0.000613
opener,6,0.000127,0.001138
discovered,5,0.000106,0.000968
unfounded,6,0.000127,0.001138
miguez,4,0.000085,0.000793
al,3,0.000063,0.000613
interviewed,5,0.000106,0.000968
mythical,3,0.000063,0.000613
creeps,4,0.000085,0.000793
freedom,4,0.000085,0.000793
writer,3,0.000063,0.000613
historical,3,0.000063,0.000613
chills,3,0.000063,0.000613
ambiguity,3,0.000063,0.000613
characteristics,3,0.000063,0.000613
statements,4,0.000085,0.000793
cracking,3,0.000063,0.000613
indicated,3,0.000063,0.000613
perceive,3,0.000063,0.000613
policy,8,0.000169,0.001469
success,3,0.000063,0.000613
rami,4,0.000085,0.000793
nader,8,0.000169,0.001469
canadian,3,0.000063,0.000613
irrational,3,0.000063,0.000613
feelings,3,0.000063,0.000613
highly,3,0.000063,0.000613
level,5,0.000106,0.000968
mesa,5,0.000106,0.000968
spooking,4,0.000085,0.000793
terry,3,0.000063,0.000613
volunteer,3,0.000063,0.000613
troupe,4,0.000085,0.000793
performed,3,0.000063,0.000613
instances,5,0.000106,0.000968
range,3,0.000063,0.000613
hs,4,0.000085,0.000793
clifton,3,0.000063,0.000613
ga,3,0.000063,0.000613
woodruff,3,0.000063,0.000613
hayes,3,0.000063,0.000613
hadden,3,0.000063,0.000613
williamson,3,0.000063,0.000613
houston,3,0.000063,0.000613
families,6,0.000127,0.001138
locations,3,0.000063,0.000613
isd,4,0.000085,0.000793
viner,6,0.000127,0.001138
viners,3,0.000063,0.000613
ann,3,0.000063,0.000613
demonic,4,0.000085,0.000793
mcandrews,3,0.000063,0.000613
flynn,7,0.000148,0.001305
orem,6,0.000127,0.001138
justify,3,0.000063,0.000613
sucked,3,0.000063,0.000613
circulating,3,0.000063,0.000613
des,6,0.000127,0.001138
moines,6,0.000127,0.001138
junction,3,0.000063,0.000613
kathy,3,0.000063,0.000613
harding,3,0.000063,0.000613
credibility,3,0.000063,0.000613
copy,5,0.000106,0.000968
professionals,3,0.000063,0.000613
ballard,4,0.000085,0.000793
cannon,3,0.000063,0.000613
assaulted,5,0.000106,0.000968
stating,5,0.000106,0.000968
difference,3,0.000063,0.000613
register,3,0.000063,0.000613
robbing,3,0.000063,0.000613
fearing,4,0.000085,0.000793
pawtucket,4,0.000085,0.000793
rhode,3,0.000063,0.000613
pires,4,0.000085,0.000793
allegation,4,0.000085,0.000793
reddit,4,0.000085,0.000793
trench,10,0.000211,0.001789
coats,6,0.000127,0.001138
columbine,8,0.000169,0.001469
load,18,0.000381,0.002997
replies,18,0.000381,0.002997
downs,4,0.000085,0.000793
bobbled_it,3,0.000063,0.000613
cords,5,0.000106,0.000968
hot_pepper_is_hot,3,0.000063,0.000613
s,3,0.000063,0.000613
caques,4,0.000085,0.000793
asshole,4,0.000085,0.000793
sports,5,0.000106,0.000968
bullshit,3,0.000063,0.000613
administration,3,0.000063,0.000613
backpacks,4,0.000085,0.000793
locker,5,0.000106,0.000968
books,5,0.000106,0.000968
halls,5,0.000106,0.000968
mafia,5,0.000106,0.000968
rifle,3,0.000063,0.000613
hockey,6,0.000127,0.001138
baggy,3,0.000063,0.000613
bro,3,0.000063,0.000613
i_scream_ur_comments,4,0.000085,0.000793
manoflabook,4,0.000085,0.000793
pewpewlaserpewpew,3,0.000063,0.000613
technique,3,0.000063,0.000613
coincidental,4,0.000085,0.000793
produced,3,0.000063,0.000613
rerollffs,4,0.000085,0.000793
timiscoldinmaine,4,0.000085,0.000793
devils,6,0.000127,0.001138
rejects,6,0.000127,0.001138
reliable,3,0.000063,0.000613
suspension,3,0.000063,0.000613
bridge,3,0.000063,0.000613
trails,3,0.000063,0.000613
billion,4,0.000085,0.000793
data,3,0.000063,0.000613
schulte,3,0.000063,0.000613
robbers,4,0.000085,0.000793
traffic,6,0.000127,0.001138
dayton,6,0.000127,0.001138
speedway,4,0.000085,0.000793
huffman,3,0.000063,0.000613
clerk,3,0.000063,0.000613
beane,8,0.000169,0.001469
brownstown,3,0.000063,0.000613
mich,3,0.000063,0.000613
kanata,3,0.000063,0.000613
spray,9,0.000190,0.001630
sergepowers,4,0.000085,0.000793
female,7,0.000148,0.001305
effective,3,0.000063,0.000613
burn,3,0.000063,0.000613
ottawa,3,0.000063,0.000613
deadly,3,0.000063,0.000613
threshold,3,0.000063,0.000613
canada,6,0.000127,0.001138
justice,4,0.000085,0.000793
offence,3,0.000063,0.000613
topic,4,0.000085,0.000793
forget,3,0.000063,0.000613
passenger,3,0.000063,0.000613
paramus,3,0.000063,0.000613
occupants,3,0.000063,0.000613
metzler,4,0.000085,0.000793
passengers,3,0.000063,0.000613
moreno,3,0.000063,0.000613
della,3,0.000063,0.000613
fave,3,0.000063,0.000613
prosecutors,3,0.000063,0.000613
andover,5,0.000106,0.000968
levin,5,0.000106,0.000968
merrimack,4,0.000085,0.000793
gripped,3,0.000063,0.000613
ma,8,0.000169,0.001469
univ,3,0.000063,0.000613
shore,3,0.000063,0.000613
campuses,5,0.000106,0.000968
centredailycom,3,0.000063,0.000613
nelson,11,0.000233,0.001946
injury,3,0.000063,0.000613
expressing,4,0.000085,0.000793
freaks,4,0.000085,0.000793
lumberton,5,0.000106,0.000968
kelli,5,0.000106,0.000968
prince,5,0.000106,0.000968
georges,5,0.000106,0.000968
backing,3,0.000063,0.000613
doubleday,3,0.000063,0.000613
justclowningaround,3,0.000063,0.000613
risd,4,0.000085,0.000793
toronto,6,0.000127,0.001138
institutions,4,0.000085,0.000793
terms,5,0.000106,0.000968
poudre,3,0.000063,0.000613
greeley,3,0.000063,0.000613
bookings,3,0.000063,0.000613
cunningham,4,0.000085,0.000793
bronx,3,0.000063,0.000613
bloodyelmore,10,0.000211,0.001789
scar,3,0.000063,0.000613
chanting,3,0.000063,0.000613
clownlivesmatter,4,0.000085,0.000793
insensitive,4,0.000085,0.000793
matteo,4,0.000085,0.000793
pace,5,0.000106,0.000968
derbyshire,3,0.000063,0.000613
killerclowns,7,0.000148,0.001305
irresponsible,6,0.000127,0.001138
filming,3,0.000063,0.000613
suspicion,3,0.000063,0.000613
muldrow,5,0.000106,0.000968
rackets,3,0.000063,0.000613
projected,4,0.000085,0.000793
yall,3,0.000063,0.000613
staters,3,0.000063,0.000613
pollock,3,0.000063,0.000613
manhunt,3,0.000063,0.000613
basic,3,0.000063,0.000613
encouraged,5,0.000106,0.000968
gutierrez,4,0.000085,0.000793
dugan,3,0.000063,0.000613
walton,4,0.000085,0.000793
whnt,4,0.000085,0.000793
tuscumbia,9,0.000190,0.001630
cullman,3,0.000063,0.000613
taboola,4,0.000085,0.000793
sponsored,6,0.000127,0.001138
owe,3,0.000063,0.000613
quickenloans,4,0.000085,0.000793
lafayette,6,0.000127,0.001138
everquote,3,0.000063,0.000613
quotes,3,0.000063,0.000613
meal,3,0.000063,0.000613
cheaper,3,0.000063,0.000613
chef,4,0.000085,0.000793
addicting,3,0.000063,0.000613
tophatter,3,0.000063,0.000613
tad,3,0.000063,0.000613
huntsville,4,0.000085,0.000793
shoals,8,0.000169,0.001469
apps,4,0.000085,0.000793
settings,4,0.000085,0.000793
jessicadoble,4,0.000085,0.000793
cityofwspolice,6,0.000127,0.001138
replying,6,0.000127,0.001138
wralsarah,6,0.000127,0.001138
phd,3,0.000063,0.000613
hamby,3,0.000063,0.000613
