Number of pairs,3728.000000
Number of unique pairs,1436
Average pair frequency,2.596100
Pair entropy,7.108044

Pair,Frequency,Proportion,Entropy Term,Mutual Information
house clown,2.000000,0.000536,0.004040,0.911109
house parents,2.000000,0.000536,0.004040,3.360676
house town,2.000000,0.000536,0.004040,4.236145
shares comments,3.000000,0.000805,0.005734,4.815963
comments replies,14.000000,0.003755,0.020972,4.621807
comments reply,8.000000,0.002146,0.013185,4.330455
comments months,16.000000,0.004292,0.023395,2.112088
comments load,4.000000,0.001073,0.007336,3.311886
comments caques,2.000000,0.000536,0.004040,4.122816
comments coincidental,2.000000,0.000536,0.004040,4.122816
comments suddenly,2.000000,0.000536,0.004040,3.717351
comments rash,2.000000,0.000536,0.004040,4.122816
comments exactly,2.000000,0.000536,0.004040,4.410498
comments wife,2.000000,0.000536,0.004040,4.815963
young remember,2.000000,0.000536,0.004040,4.815963
clown house,5.000000,0.001341,0.008871,1.827399
clown good,2.000000,0.000536,0.004040,0.911109
clown lure,8.000000,0.002146,0.013185,2.702868
clown children,17.000000,0.004560,0.024581,1.998025
clown woods,6.000000,0.001609,0.010352,2.638330
clown someone,2.000000,0.000536,0.004040,0.911109
clown head,2.000000,0.000536,0.004040,2.009721
clown video,2.000000,0.000536,0.004040,0.785946
clown man,2.000000,0.000536,0.004040,1.316574
clown reports,2.000000,0.000536,0.004040,1.421934
clown home,2.000000,0.000536,0.004040,1.221264
clown saw,2.000000,0.000536,0.004040,0.728787
clown people,7.000000,0.001878,0.011788,1.065259
clown hurt,4.000000,0.001073,0.007336,2.366396
clown shoot,2.000000,0.000536,0.004040,2.009721
clown months,3.000000,0.000805,0.005734,-1.451840
clown year,6.000000,0.001609,0.010352,2.152822
clown knife,4.000000,0.001073,0.007336,1.673249
clown stab,2.000000,0.000536,0.004040,2.926012
clown point,2.000000,0.000536,0.004040,-0.539724
clown night,2.000000,0.000536,0.004040,1.316574
clown shit,2.000000,0.000536,0.004040,1.673249
clown several,2.000000,0.000536,0.004040,1.673249
clown school,2.000000,0.000536,0.004040,0.185172
clown costumes,2.000000,0.000536,0.004040,2.520547
clown feel,2.000000,0.000536,0.004040,1.673249
clown literally,2.000000,0.000536,0.004040,2.009721
clown years,2.000000,0.000536,0.004040,1.316574
clown completely,3.000000,0.000805,0.005734,2.232865
clown funny,2.000000,0.000536,0.004040,1.673249
clown age,2.000000,0.000536,0.004040,1.827399
clown costume,2.000000,0.000536,0.004040,2.520547
clown called,2.000000,0.000536,0.004040,1.316574
clown roaming,2.000000,0.000536,0.004040,2.926012
clown neighborhoods,2.000000,0.000536,0.004040,2.520547
clown caught,2.000000,0.000536,0.004040,2.926012
clown committing,2.000000,0.000536,0.004040,2.520547
clown hoax,4.000000,0.001073,0.007336,2.232865
clown argument,2.000000,0.000536,0.004040,2.926012
clown face,6.000000,0.001609,0.010352,2.926012
clown paint,3.000000,0.000805,0.005734,2.926012
clown mask,9.000000,0.002414,0.014549,2.820651
clown hides,3.000000,0.000805,0.005734,2.926012
clown sightings,10.000000,0.002682,0.015883,2.743690
clown production,4.000000,0.001073,0.007336,2.520547
clown begins,4.000000,0.001073,0.007336,2.926012
clown based,4.000000,0.001073,0.007336,2.926012
clown horror,6.000000,0.001609,0.010352,2.926012
clown movie,6.000000,0.001609,0.010352,2.078714
clown remake,4.000000,0.001073,0.007336,2.926012
clown recently,2.000000,0.000536,0.004040,2.520547
clown terrorizing,4.000000,0.001073,0.007336,3.619159
clown movies,2.000000,0.000536,0.004040,2.232865
clown footbridge,2.000000,0.000536,0.004040,2.926012
clown chase,3.000000,0.000805,0.005734,2.926012
clown suspension,2.000000,0.000536,0.004040,2.926012
clown bridge,2.000000,0.000536,0.004040,2.926012
clown chasing,7.000000,0.001878,0.011788,2.387015
clown guys,2.000000,0.000536,0.004040,1.673249
clown means,3.000000,0.000805,0.005734,2.638330
clown places,3.000000,0.000805,0.005734,2.638330
clown due,2.000000,0.000536,0.004040,2.926012
clown car,3.000000,0.000805,0.005734,1.722039
clown popping,4.000000,0.001073,0.007336,2.926012
clown state,2.000000,0.000536,0.004040,2.926012
clown cars,2.000000,0.000536,0.004040,2.926012
clown candy,2.000000,0.000536,0.004040,2.232865
clown killed,2.000000,0.000536,0.004040,2.232865
clown inside,3.000000,0.000805,0.005734,3.331477
clown cult,2.000000,0.000536,0.004040,2.520547
clown meet,2.000000,0.000536,0.004040,2.926012
clown blood,2.000000,0.000536,0.004040,2.520547
clown walked,2.000000,0.000536,0.004040,2.926012
clown front,2.000000,0.000536,0.004040,2.926012
clown truck,2.000000,0.000536,0.004040,2.926012
clown looked,2.000000,0.000536,0.004040,2.926012
clown murder,2.000000,0.000536,0.004040,2.926012
clown gets,2.000000,0.000536,0.004040,2.520547
clown running,2.000000,0.000536,0.004040,1.539717
clown scare,2.000000,0.000536,0.004040,2.520547
clown machete,3.000000,0.000805,0.005734,1.722039
clown hard,2.000000,0.000536,0.004040,2.520547
clown disrupting,2.000000,0.000536,0.004040,2.926012
clown peace,2.000000,0.000536,0.004040,2.926012
clown working,2.000000,0.000536,0.004040,2.926012
clown hunting,4.000000,0.001073,0.007336,3.213694
good clown,2.000000,0.000536,0.004040,0.911109
good without,2.000000,0.000536,0.004040,4.459288
good days,2.000000,0.000536,0.004040,3.899672
good luck,2.000000,0.000536,0.004040,5.152435
good hard,2.000000,0.000536,0.004040,4.746970
good working,2.000000,0.000536,0.004040,5.152435
good folk,2.000000,0.000536,0.004040,5.152435
viral marketing,2.000000,0.000536,0.004040,4.815963
cityofwspolice children,2.000000,0.000536,0.004040,3.000673
used clown,2.000000,0.000536,0.004040,1.673249
lure children,10.000000,0.002682,0.015883,4.099286
lure woods,7.000000,0.001878,0.011788,5.424369
lure hoax,4.000000,0.001073,0.007336,4.864753
lure cars,2.000000,0.000536,0.004040,5.557901
lure candy,2.000000,0.000536,0.004040,4.864753
children woods,8.000000,0.002146,0.013185,4.099286
children months,2.000000,0.000536,0.004040,-0.684031
children knife,3.000000,0.000805,0.005734,2.558840
children columbine,2.000000,0.000536,0.004040,2.712991
children wearing,2.000000,0.000536,0.004040,3.000673
children fucked,2.000000,0.000536,0.004040,4.099286
children hoax,4.000000,0.001073,0.007336,3.406138
children cars,2.000000,0.000536,0.004040,4.099286
children candy,2.000000,0.000536,0.004040,3.406138
children machete,5.000000,0.001341,0.008871,3.406138
woods hoax,4.000000,0.001073,0.007336,5.087897
woods candy,2.000000,0.000536,0.004040,5.087897
sep cityofwspolice,5.000000,0.001341,0.008871,5.886405
sep replying,6.000000,0.001609,0.010352,6.068726
sep wralsarah,6.000000,0.001609,0.010352,6.068726
replying cityofwspolice,5.000000,0.001341,0.008871,5.886405
replying wralsarah,6.000000,0.001609,0.010352,6.068726
wralsarah cityofwspolice,5.000000,0.001341,0.008871,5.886405
isnt video,2.000000,0.000536,0.004040,3.774509
isnt halloween,2.000000,0.000536,0.004040,4.410498
isnt age,2.000000,0.000536,0.004040,4.815963
isnt everyone,2.000000,0.000536,0.004040,4.122816
isnt day,2.000000,0.000536,0.004040,4.410498
isnt odd,2.000000,0.000536,0.004040,5.914575
isnt marketing,2.000000,0.000536,0.004040,3.968665
isnt copycats,2.000000,0.000536,0.004040,5.914575
isnt exist,2.000000,0.000536,0.004040,5.914575
replies comments,4.000000,0.001073,0.007336,3.369044
replies clown,2.000000,0.000536,0.004040,0.785946
replies retweet,5.000000,0.001341,0.008871,4.844951
replies likes,3.000000,0.000805,0.005734,5.027272
replies reply,7.000000,0.001878,0.011788,4.408233
replies retweets,3.000000,0.000805,0.005734,4.739590
replies months,13.000000,0.003487,0.019733,2.115758
replies load,4.000000,0.001073,0.007336,3.523195
replies coincidental,2.000000,0.000536,0.004040,4.334125
replies suddenly,2.000000,0.000536,0.004040,3.928660
replies rash,2.000000,0.000536,0.004040,4.334125
replies exactly,2.000000,0.000536,0.004040,4.621807
replies wife,2.000000,0.000536,0.004040,5.027272
likes retweet,3.000000,0.000805,0.005734,6.068726
likes reply,3.000000,0.000805,0.005734,5.295536
reply retweet,6.000000,0.001609,0.010352,5.295536
reply months,6.000000,0.001609,0.010352,1.610832
reply logic,2.000000,0.000536,0.004040,5.295536
stories clown,2.000000,0.000536,0.004040,2.520547
stories video,2.000000,0.000536,0.004040,4.621807
stories roaming,2.000000,0.000536,0.004040,6.761873
stories neighborhoods,2.000000,0.000536,0.004040,6.356408
stories caught,2.000000,0.000536,0.004040,6.761873
retweets retweet,4.000000,0.001073,0.007336,6.068726
retweets likes,2.000000,0.000536,0.004040,6.068726
retweets reply,4.000000,0.001073,0.007336,5.295536
herbertsnow cityofwspolice,2.000000,0.000536,0.004040,6.068726
herbertsnow sep,2.000000,0.000536,0.004040,6.068726
herbertsnow replying,2.000000,0.000536,0.004040,6.068726
herbertsnow wralsarah,2.000000,0.000536,0.004040,6.068726
someone clown,4.000000,0.001073,0.007336,1.604256
someone hurt,2.000000,0.000536,0.004040,3.899672
someone gonna,2.000000,0.000536,0.004040,4.053823
someone kill,2.000000,0.000536,0.004040,4.053823
head recently,2.000000,0.000536,0.004040,5.845583
know clown,6.000000,0.001609,0.010352,1.722039
know stories,2.000000,0.000536,0.004040,4.459288
know creepy,2.000000,0.000536,0.004040,2.613462
know man,2.000000,0.000536,0.004040,3.255315
know person,3.000000,0.000805,0.005734,3.660781
know prank,2.000000,0.000536,0.004040,3.948463
know fucking,2.000000,0.000536,0.004040,2.992951
know logic,2.000000,0.000536,0.004040,4.864753
know roaming,2.000000,0.000536,0.004040,4.864753
know neighborhoods,2.000000,0.000536,0.004040,4.459288
know caught,2.000000,0.000536,0.004040,4.864753
fake clown,2.000000,0.000536,0.004040,0.980102
fake video,2.000000,0.000536,0.004040,3.081362
fake months,2.000000,0.000536,0.004040,0.438112
fake everyone,2.000000,0.000536,0.004040,3.429669
fake mean,2.000000,0.000536,0.004040,3.717351
fake rerollffs,2.000000,0.000536,0.004040,4.528281
fake talking,2.000000,0.000536,0.004040,4.528281
fake setup,2.000000,0.000536,0.004040,5.221428
fake reliable,2.000000,0.000536,0.004040,4.815963
fake gun,2.000000,0.000536,0.004040,4.815963
video clown,6.000000,0.001609,0.010352,1.884558
video people,2.000000,0.000536,0.004040,1.913757
video posting,2.000000,0.000536,0.004040,4.621807
video pocket,2.000000,0.000536,0.004040,4.621807
video committing,2.000000,0.000536,0.004040,4.621807
video armed,2.000000,0.000536,0.004040,5.027272
video robberies,2.000000,0.000536,0.004040,5.027272
video sightings,2.000000,0.000536,0.004040,3.235513
video camera,2.000000,0.000536,0.004040,4.621807
video nobody,2.000000,0.000536,0.004040,3.928660
video produced,2.000000,0.000536,0.004040,5.027272
video yesterday,2.000000,0.000536,0.004040,4.621807
video showed,2.000000,0.000536,0.004040,5.027272
video footbridge,2.000000,0.000536,0.004040,5.027272
video chase,2.000000,0.000536,0.004040,4.621807
video reliable,2.000000,0.000536,0.004040,4.621807
video facebook,3.000000,0.000805,0.005734,4.739590
video suspension,2.000000,0.000536,0.004040,5.027272
video bridge,2.000000,0.000536,0.004040,5.027272
video chasing,2.000000,0.000536,0.004040,3.235513
pictures videos,2.000000,0.000536,0.004040,5.845583
pictures twitter,2.000000,0.000536,0.004040,6.251048
creepy clown,11.000000,0.002951,0.017190,2.379468
creepy viral,2.000000,0.000536,0.004040,4.510582
creepy children,2.000000,0.000536,0.004040,1.847994
creepy months,2.000000,0.000536,0.004040,0.132730
creepy marketing,2.000000,0.000536,0.004040,2.970137
creepy stuff,2.000000,0.000536,0.004040,4.222899
man clown,4.000000,0.001073,0.007336,2.009721
man teen,2.000000,0.000536,0.004040,5.557901
man mask,3.000000,0.000805,0.005734,4.353928
person fake,2.000000,0.000536,0.004040,3.611990
person months,2.000000,0.000536,0.004040,0.774584
person everyone,2.000000,0.000536,0.004040,3.766141
person report,2.000000,0.000536,0.004040,4.864753
person nothing,2.000000,0.000536,0.004040,4.459288
person rerollffs,2.000000,0.000536,0.004040,4.864753
person filmed,2.000000,0.000536,0.004040,5.557901
playing prank,2.000000,0.000536,0.004040,5.845583
reports clown,2.000000,0.000536,0.004040,1.421934
reports lure,2.000000,0.000536,0.004040,4.053823
reports children,2.000000,0.000536,0.004040,2.595208
reports woods,2.000000,0.000536,0.004040,4.276967
reports happening,2.000000,0.000536,0.004040,5.257796
reports cars,2.000000,0.000536,0.004040,5.663261
scared clown,2.000000,0.000536,0.004040,1.827399
scared until,2.000000,0.000536,0.004040,5.375579
friends house,2.000000,0.000536,0.004040,3.899672
friends clown,2.000000,0.000536,0.004040,1.673249
friends cords,2.000000,0.000536,0.004040,4.998285
home homework,2.000000,0.000536,0.004040,5.462590
saw clown,9.000000,0.002414,0.014549,2.232865
saw lure,2.000000,0.000536,0.004040,3.360676
saw children,3.000000,0.000805,0.005734,2.307526
saw video,2.000000,0.000536,0.004040,2.830048
saw yesterday,2.000000,0.000536,0.004040,4.564649
saw showed,2.000000,0.000536,0.004040,4.970114
saw footbridge,2.000000,0.000536,0.004040,4.970114
saw sign,2.000000,0.000536,0.004040,4.053823
saw outside,2.000000,0.000536,0.004040,4.053823
saw running,2.000000,0.000536,0.004040,3.583820
people young,2.000000,0.000536,0.004040,2.955211
people clown,10.000000,0.002682,0.015883,1.421934
people joke,2.000000,0.000536,0.004040,4.053823
people lure,4.000000,0.001073,0.007336,3.137532
people children,4.000000,0.001073,0.007336,1.678917
people woods,4.000000,0.001073,0.007336,3.360676
people know,3.000000,0.000805,0.005734,2.156703
people pictures,2.000000,0.000536,0.004040,3.137532
people reports,2.000000,0.000536,0.004040,2.549746
people dressing,2.000000,0.000536,0.004040,3.137532
people months,2.000000,0.000536,0.004040,-0.729493
people videos,2.000000,0.000536,0.004040,3.648358
people dressed,6.000000,0.001609,0.010352,3.542998
people remember,2.000000,0.000536,0.004040,2.801060
people trench,2.000000,0.000536,0.004040,2.444385
people wore,2.000000,0.000536,0.004040,2.801060
people posting,2.000000,0.000536,0.004040,3.648358
people highschool,2.000000,0.000536,0.004040,4.053823
people specialed,2.000000,0.000536,0.004040,4.053823
people creeps,2.000000,0.000536,0.004040,4.053823
people backpacks,2.000000,0.000536,0.004040,3.360676
people twitter,2.000000,0.000536,0.004040,4.053823
people argument,2.000000,0.000536,0.004040,4.053823
people claiming,2.000000,0.000536,0.004040,3.360676
people fun,2.000000,0.000536,0.004040,3.360676
hand downs,2.000000,0.000536,0.004040,6.474191
shoot months,3.000000,0.000805,0.005734,1.873196
shoot point,3.000000,0.000805,0.005734,3.190777
shoot waex,2.000000,0.000536,0.004040,5.845583
crazy clown,2.000000,0.000536,0.004040,2.926012
dressing clown,3.000000,0.000805,0.005734,2.415186
dressing people,2.000000,0.000536,0.004040,3.137532
dressing funny,2.000000,0.000536,0.004040,4.998285
months comments,4.000000,0.001073,0.007336,0.725794
months young,3.000000,0.000805,0.005734,1.690875
months clown,35.000000,0.009388,0.043828,1.004896
months good,3.000000,0.000805,0.005734,0.774584
months ok,2.000000,0.000536,0.004040,0.997728
months children,8.000000,0.002146,0.013185,0.702264
months replies,2.000000,0.000536,0.004040,0.243956
months stories,2.000000,0.000536,0.004040,1.978557
months find,2.000000,0.000536,0.004040,1.131259
months someone,5.000000,0.001341,0.008871,1.285410
months head,3.000000,0.000805,0.005734,1.873196
months know,6.000000,0.001609,0.010352,1.180049
months fake,5.000000,0.001341,0.008871,1.354403
months video,7.000000,0.001878,0.011788,1.496719
months creepy,5.000000,0.001341,0.008871,1.049021
months man,3.000000,0.000805,0.005734,1.180049
months reports,3.000000,0.000805,0.005734,1.285410
months everywhere,2.000000,0.000536,0.004040,1.978557
months saw,4.000000,0.001073,0.007336,0.879945
months people,12.000000,0.003219,0.018472,1.062266
months started,3.000000,0.000805,0.005734,1.536724
months year,5.000000,0.001341,0.008871,1.428511
months knife,2.000000,0.000536,0.004040,0.438112
months dressed,3.000000,0.000805,0.005734,1.180049
months dude,3.000000,0.000805,0.005734,1.536724
months something,3.000000,0.000805,0.005734,1.180049
months point,10.000000,0.002682,0.015883,0.527724
months lol,2.000000,0.000536,0.004040,0.997728
months reddit,2.000000,0.000536,0.004040,1.978557
months halloween,4.000000,0.001073,0.007336,1.573092
months shit,3.000000,0.000805,0.005734,1.536724
months bring,2.000000,0.000536,0.004040,1.467731
months kill,2.000000,0.000536,0.004040,1.285410
months several,3.000000,0.000805,0.005734,1.536724
months school,13.000000,0.003487,0.019733,1.514984
months ban,2.000000,0.000536,0.004040,1.467731
months holy,2.000000,0.000536,0.004040,1.690875
months remember,3.000000,0.000805,0.005734,1.536724
months trench,4.000000,0.001073,0.007336,1.467731
months coats,2.000000,0.000536,0.004040,1.285410
months banned,7.000000,0.001878,0.011788,2.132708
months schools,3.000000,0.000805,0.005734,1.690875
months columbine,3.000000,0.000805,0.005734,1.403193
months coat,3.000000,0.000805,0.005734,1.690875
months wore,4.000000,0.001073,0.007336,1.824406
months load,4.000000,0.001073,0.007336,0.879945
months old,4.000000,0.001073,0.007336,1.690875
months years,2.000000,0.000536,0.004040,0.774584
months fucking,4.000000,0.001073,0.007336,1.205367
months crap,2.000000,0.000536,0.004040,1.690875
months small,2.000000,0.000536,0.004040,1.690875
months funny,4.000000,0.001073,0.007336,1.824406
months werent,2.000000,0.000536,0.004040,1.467731
months deleted,3.000000,0.000805,0.005734,0.843577
months grade,3.000000,0.000805,0.005734,2.384022
months gave,3.000000,0.000805,0.005734,1.536724
months fair,4.000000,0.001073,0.007336,1.467731
months whole,2.000000,0.000536,0.004040,0.879945
months large,2.000000,0.000536,0.004040,1.978557
months seems,3.000000,0.000805,0.005734,1.873196
months everyone,3.000000,0.000805,0.005734,0.997728
months happened,3.000000,0.000805,0.005734,1.285410
months kid,4.000000,0.001073,0.007336,1.690875
months confused,2.000000,0.000536,0.004040,2.384022
months reason,2.000000,0.000536,0.004040,1.131259
months conceal,3.000000,0.000805,0.005734,2.096340
months weapon,7.000000,0.001878,0.011788,2.250491
months bag,3.000000,0.000805,0.005734,2.384022
months carry,2.000000,0.000536,0.004040,1.131259
months late,2.000000,0.000536,0.004040,1.690875
months bus,2.000000,0.000536,0.004040,1.467731
months high,2.000000,0.000536,0.004040,1.131259
months backpack,2.000000,0.000536,0.004040,1.690875
months easier,3.000000,0.000805,0.005734,2.384022
months logic,2.000000,0.000536,0.004040,2.384022
months mafia,3.000000,0.000805,0.005734,1.873196
months given,2.000000,0.000536,0.004040,2.384022
months jersey,2.000000,0.000536,0.004040,1.978557
months youre,4.000000,0.001073,0.007336,1.467731
months trenchcoat,3.000000,0.000805,0.005734,2.789487
months bomb,2.000000,0.000536,0.004040,1.978557
months httpwwwdaytondailynewscomnewsnewscrimelawrobberswearingclownmasksholdupspeedwayindanskfr,3.000000,0.000805,0.005734,2.789487
months httpwwwclickondetroitcomnewsarmedclownrobswalgreensinbrownstowntownship,3.000000,0.000805,0.005734,2.789487
months mean,7.000000,0.001878,0.011788,2.132708
months hoax,4.000000,0.001073,0.007336,1.690875
months source,2.000000,0.000536,0.004040,2.384022
months argument,2.000000,0.000536,0.004040,2.384022
months claiming,2.000000,0.000536,0.004040,1.690875
months hearsay,4.000000,0.001073,0.007336,3.077169
months rumors,4.000000,0.001073,0.007336,3.077169
months child,2.000000,0.000536,0.004040,1.978557
months nope,2.000000,0.000536,0.004040,2.384022
months hysteria,2.000000,0.000536,0.004040,1.690875
months face,2.000000,0.000536,0.004040,1.285410
months paint,2.000000,0.000536,0.004040,1.978557
months mask,4.000000,0.001073,0.007336,1.467731
months coincidental,4.000000,0.001073,0.007336,2.384022
months suddenly,4.000000,0.001073,0.007336,1.978557
months rash,4.000000,0.001073,0.007336,2.384022
months sightings,5.000000,0.001341,0.008871,1.508553
months movie,2.000000,0.000536,0.004040,0.438112
months marketing,4.000000,0.001073,0.007336,1.131259
months stunt,2.000000,0.000536,0.004040,2.384022
months hasnt,2.000000,0.000536,0.004040,2.384022
months blair,2.000000,0.000536,0.004040,2.384022
months witch,2.000000,0.000536,0.004040,2.384022
months recently,2.000000,0.000536,0.004040,1.978557
months talking,4.000000,0.001073,0.007336,2.384022
months dead,2.000000,0.000536,0.004040,1.467731
months street,2.000000,0.000536,0.004040,1.978557
months terrorizing,2.000000,0.000536,0.004040,2.384022
months rob,4.000000,0.001073,0.007336,1.690875
months zombie,2.000000,0.000536,0.004040,1.285410
months film,2.000000,0.000536,0.004040,2.384022
months kind,2.000000,0.000536,0.004040,2.384022
months sucked,2.000000,0.000536,0.004040,2.384022
months movies,2.000000,0.000536,0.004040,1.690875
months except,2.000000,0.000536,0.004040,2.384022
months devils,4.000000,0.001073,0.007336,1.978557
months rejects,4.000000,0.001073,0.007336,1.978557
months hope,2.000000,0.000536,0.004040,1.131259
months exactly,2.000000,0.000536,0.004040,1.978557
months wife,2.000000,0.000536,0.004040,2.384022
months yesterday,2.000000,0.000536,0.004040,1.978557
months showed,2.000000,0.000536,0.004040,2.384022
months theres,3.000000,0.000805,0.005734,1.403193
months facebook,3.000000,0.000805,0.005734,2.096340
months chasing,2.000000,0.000536,0.004040,0.592263
months guys,2.000000,0.000536,0.004040,1.131259
months net,2.000000,0.000536,0.004040,2.384022
months far,2.000000,0.000536,0.004040,1.690875
months pic,2.000000,0.000536,0.004040,2.384022
months problem,3.000000,0.000805,0.005734,2.096340
months threw,2.000000,0.000536,0.004040,2.384022
months oscars,2.000000,0.000536,0.004040,2.384022
months states,3.000000,0.000805,0.005734,1.873196
months found,2.000000,0.000536,0.004040,1.690875
months pretty,2.000000,0.000536,0.004040,1.285410
months clowns,2.000000,0.000536,0.004040,1.690875
months tired,2.000000,0.000536,0.004040,1.978557
months running,3.000000,0.000805,0.005734,1.403193
months machete,3.000000,0.000805,0.005734,1.180049
months kanata,2.000000,0.000536,0.004040,1.978557
months spray,3.000000,0.000805,0.005734,1.536724
months bat,3.000000,0.000805,0.005734,1.873196
months bear,3.000000,0.000805,0.005734,2.096340
months wasps,3.000000,0.000805,0.005734,2.789487
months ottawa,5.000000,0.001341,0.008871,2.894848
months specially,2.000000,0.000536,0.004040,2.384022
months brandishing,2.000000,0.000536,0.004040,2.384022
months prop,2.000000,0.000536,0.004040,2.384022
months gun,4.000000,0.001073,0.007336,2.671704
months sick,2.000000,0.000536,0.004040,2.384022
months goddamned,2.000000,0.000536,0.004040,2.384022
months disrupting,2.000000,0.000536,0.004040,2.384022
months wielding,2.000000,0.000536,0.004040,1.978557
months nonviolent,2.000000,0.000536,0.004040,2.384022
months mace,2.000000,0.000536,0.004040,2.384022
started year,3.000000,0.000805,0.005734,4.448238
started bags,2.000000,0.000536,0.004040,5.509110
started marketing,2.000000,0.000536,0.004040,3.968665
year clown,5.000000,0.001341,0.008871,1.970500
year literally,2.000000,0.000536,0.004040,4.379246
year old,3.000000,0.000805,0.005734,4.314707
year nothing,2.000000,0.000536,0.004040,4.196924
year production,4.000000,0.001073,0.007336,4.890071
year begins,4.000000,0.001073,0.007336,5.295536
year based,4.000000,0.001073,0.007336,5.295536
year horror,4.000000,0.001073,0.007336,4.890071
year means,2.000000,0.000536,0.004040,4.602389
videos twitter,2.000000,0.000536,0.004040,6.761873
knife bat,2.000000,0.000536,0.004040,4.305138
dressed clown,10.000000,0.002682,0.015883,2.926012
dressed lure,4.000000,0.001073,0.007336,4.641610
dressed children,5.000000,0.001341,0.008871,3.406138
dressed woods,4.000000,0.001073,0.007336,4.864753
dressed hoax,4.000000,0.001073,0.007336,4.864753
dressed argument,2.000000,0.000536,0.004040,5.557901
gonna clown,2.000000,0.000536,0.004040,1.827399
allowed clown,2.000000,0.000536,0.004040,2.009721
allowed hunt,2.000000,0.000536,0.004040,5.334757
allowed age,2.000000,0.000536,0.004040,5.152435
something dicey,2.000000,0.000536,0.004040,5.557901
point clown,4.000000,0.001073,0.007336,0.153423
point children,2.000000,0.000536,0.004040,0.633550
point stories,2.000000,0.000536,0.004040,3.296137
point someone,3.000000,0.000805,0.005734,2.092165
point know,2.000000,0.000536,0.004040,1.399017
point fake,3.000000,0.000805,0.005734,2.161158
point people,2.000000,0.000536,0.004040,0.588087
point months,63.000000,0.016899,0.068957,2.368274
point lol,2.000000,0.000536,0.004040,2.315308
point kill,2.000000,0.000536,0.004040,2.602990
point school,2.000000,0.000536,0.004040,0.960763
point trench,3.000000,0.000805,0.005734,2.497630
point coats,2.000000,0.000536,0.004040,2.602990
point banned,3.000000,0.000805,0.005734,2.602990
point wore,2.000000,0.000536,0.004040,2.448840
point fucking,2.000000,0.000536,0.004040,1.829800
point fair,2.000000,0.000536,0.004040,2.092165
point reason,2.000000,0.000536,0.004040,2.448840
point conceal,2.000000,0.000536,0.004040,3.008455
point weapon,3.000000,0.000805,0.005734,2.720773
point mafia,2.000000,0.000536,0.004040,2.785312
point trenchcoat,3.000000,0.000805,0.005734,4.107068
point httpwwwdaytondailynewscomnewsnewscrimelawrobberswearingclownmasksholdupspeedwayindanskfr,3.000000,0.000805,0.005734,4.107068
point httpwwwclickondetroitcomnewsarmedclownrobswalgreensinbrownstowntownship,2.000000,0.000536,0.004040,3.701603
point story,3.000000,0.000805,0.005734,3.413920
point hearsay,2.000000,0.000536,0.004040,3.701603
point rumors,2.000000,0.000536,0.004040,3.701603
point found,2.000000,0.000536,0.004040,3.008455
point running,3.000000,0.000805,0.005734,2.720773
point bear,2.000000,0.000536,0.004040,3.008455
point ottawa,2.000000,0.000536,0.004040,3.296137
lol months,4.000000,0.001073,0.007336,1.690875
lol point,3.000000,0.000805,0.005734,2.720773
lol google,2.000000,0.000536,0.004040,5.781044
reddit night,2.000000,0.000536,0.004040,5.152435
halloween night,2.000000,0.000536,0.004040,4.053823
halloween copycats,2.000000,0.000536,0.004040,5.663261
halloween exist,2.000000,0.000536,0.004040,5.663261
hunt clown,4.000000,0.001073,0.007336,2.702868
hunt age,2.000000,0.000536,0.004040,5.152435
bring clown,2.000000,0.000536,0.004040,2.009721
kill people,2.000000,0.000536,0.004040,2.955211
several clown,2.000000,0.000536,0.004040,1.673249
several lure,2.000000,0.000536,0.004040,4.305138
several children,2.000000,0.000536,0.004040,2.846523
several reports,2.000000,0.000536,0.004040,4.410498
several years,2.000000,0.000536,0.004040,4.305138
several cars,2.000000,0.000536,0.004040,5.914575
school clown,4.000000,0.001073,0.007336,0.878319
school trench,3.000000,0.000805,0.005734,3.222526
school banned,4.000000,0.001073,0.007336,3.615568
school columbine,2.000000,0.000536,0.004040,3.040204
school coat,3.000000,0.000805,0.005734,3.733351
school uniform,4.000000,0.001073,0.007336,5.119646
school old,3.000000,0.000805,0.005734,3.445669
school everyone,2.000000,0.000536,0.004040,2.634739
school lockers,2.000000,0.000536,0.004040,4.426498
school backpack,2.000000,0.000536,0.004040,3.733351
school called,2.000000,0.000536,0.004040,2.817061
holy months,2.000000,0.000536,0.004040,1.690875
holy crap,3.000000,0.000805,0.005734,6.186509
afraid clown,2.000000,0.000536,0.004040,2.520547
feel clown,2.000000,0.000536,0.004040,1.673249
remember night,2.000000,0.000536,0.004040,4.305138
remember id,2.000000,0.000536,0.004040,4.528281
trench point,2.000000,0.000536,0.004040,2.092165
trench school,2.000000,0.000536,0.004040,2.817061
trench coats,5.000000,0.001341,0.008871,5.375579
trench coat,5.000000,0.001341,0.008871,5.375579
trench mafia,4.000000,0.001073,0.007336,5.334757
coats school,3.000000,0.000805,0.005734,3.733351
coats columbine,2.000000,0.000536,0.004040,4.682432
banned people,2.000000,0.000536,0.004040,2.549746
banned schools,2.000000,0.000536,0.004040,4.564649
coat mafia,4.000000,0.001073,0.007336,5.845583
literally nothing,2.000000,0.000536,0.004040,5.152435
literally means,2.000000,0.000536,0.004040,5.557901
wore trench,3.000000,0.000805,0.005734,4.710603
wore coats,3.000000,0.000805,0.005734,5.221428
wore specialed,2.000000,0.000536,0.004040,5.914575
wore creeps,2.000000,0.000536,0.004040,5.914575
bansheeink months,2.000000,0.000536,0.004040,2.384022
load comments,22.000000,0.005901,0.030289,5.016634
load replies,14.000000,0.003755,0.020972,4.775958
load reply,8.000000,0.002146,0.013185,4.484606
load months,14.000000,0.003755,0.020972,2.132708
load coincidental,2.000000,0.000536,0.004040,4.276967
load suddenly,2.000000,0.000536,0.004040,3.871502
load exactly,2.000000,0.000536,0.004040,4.564649
load wife,2.000000,0.000536,0.004040,4.970114
middle night,2.000000,0.000536,0.004040,4.641610
uniform people,2.000000,0.000536,0.004040,4.053823
uniform years,2.000000,0.000536,0.004040,5.557901
old knife,2.000000,0.000536,0.004040,3.835134
years people,2.000000,0.000536,0.004040,2.444385
bobbled_it months,3.000000,0.000805,0.005734,2.384022
fucking clown,5.000000,0.001341,0.008871,1.970500
fucking saw,2.000000,0.000536,0.004040,3.098312
fucking several,2.000000,0.000536,0.004040,4.042773
fucking life,2.000000,0.000536,0.004040,4.379246
fucking sightings,2.000000,0.000536,0.004040,3.503777
fucking popping,3.000000,0.000805,0.005734,5.007854
fucking state,2.000000,0.000536,0.004040,5.295536
crap months,2.000000,0.000536,0.004040,1.690875
boys trench,2.000000,0.000536,0.004040,5.152435
boys coat,2.000000,0.000536,0.004040,5.663261
boys mafia,2.000000,0.000536,0.004040,5.845583
cord shit,2.000000,0.000536,0.004040,5.914575
party played,2.000000,0.000536,0.004040,6.251048
party parents,2.000000,0.000536,0.004040,4.459288
cords completely,2.000000,0.000536,0.004040,5.152435
cords small,2.000000,0.000536,0.004040,5.557901
cords werent,2.000000,0.000536,0.004040,5.334757
cords passed,2.000000,0.000536,0.004040,5.557901
completely known,2.000000,0.000536,0.004040,5.663261
completely hides,3.000000,0.000805,0.005734,6.068726
completely identity,3.000000,0.000805,0.005734,6.068726
completely otherwise,2.000000,0.000536,0.004040,5.663261
completely john,2.000000,0.000536,0.004040,5.663261
funny children,2.000000,0.000536,0.004040,2.846523
funny knife,2.000000,0.000536,0.004040,3.968665
dick cords,2.000000,0.000536,0.004040,6.251048
missing cords,2.000000,0.000536,0.004040,6.251048
werent until,2.000000,0.000536,0.004040,5.557901
werent carry,2.000000,0.000536,0.004040,4.998285
werent backpacks,2.000000,0.000536,0.004040,5.557901
passed something,2.000000,0.000536,0.004040,4.864753
passed again,2.000000,0.000536,0.004040,5.781044
passed movie,2.000000,0.000536,0.004040,4.528281
passed especially,2.000000,0.000536,0.004040,5.781044
passed dicey,2.000000,0.000536,0.004040,6.474191
fuck months,3.000000,0.000805,0.005734,1.873196
deleted children,3.000000,0.000805,0.005734,2.558840
deleted months,16.000000,0.004292,0.023395,2.517553
deleted point,2.000000,0.000536,0.004040,1.755692
deleted child,2.000000,0.000536,0.004040,4.815963
deleted wasps,2.000000,0.000536,0.004040,5.221428
cherrybombstation months,2.000000,0.000536,0.004040,2.384022
gave rob,2.000000,0.000536,0.004040,4.528281
gave zombie,2.000000,0.000536,0.004040,4.815963
gave hope,2.000000,0.000536,0.004040,4.661813
hot_pepper_is_hot months,3.000000,0.000805,0.005734,2.384022
posting pictures,2.000000,0.000536,0.004040,5.845583
posting videos,2.000000,0.000536,0.004040,6.356408
posting twitter,2.000000,0.000536,0.004040,6.761873
internet people,2.000000,0.000536,0.004040,3.137532
internet bored,2.000000,0.000536,0.004040,6.251048
internet needs,2.000000,0.000536,0.004040,6.251048
internet trolling,2.000000,0.000536,0.004040,6.251048
age video,2.000000,0.000536,0.004040,3.928660
age everyone,2.000000,0.000536,0.004040,4.276967
age pocket,2.000000,0.000536,0.004040,5.663261
age camera,2.000000,0.000536,0.004040,5.663261
age nobody,2.000000,0.000536,0.004040,4.970114
everything day,2.000000,0.000536,0.004040,4.564649
everything id,2.000000,0.000536,0.004040,4.682432
fair clown,3.000000,0.000805,0.005734,1.722039
fair children,2.000000,0.000536,0.004040,2.489848
fair people,2.000000,0.000536,0.004040,2.444385
fair wore,2.000000,0.000536,0.004040,4.305138
fair fucking,2.000000,0.000536,0.004040,3.686098
fair highschool,2.000000,0.000536,0.004040,5.557901
fair specialed,2.000000,0.000536,0.004040,5.557901
fair creeps,2.000000,0.000536,0.004040,5.557901
fair infringe,2.000000,0.000536,0.004040,5.557901
fair cultural,2.000000,0.000536,0.004040,5.557901
fair expression,2.000000,0.000536,0.004040,4.641610
fair asshole,2.000000,0.000536,0.004040,4.864753
fair lot,2.000000,0.000536,0.004040,4.305138
fair sightings,2.000000,0.000536,0.004040,3.766141
fair popping,2.000000,0.000536,0.004040,4.864753
highschool wore,2.000000,0.000536,0.004040,5.914575
highschool specialed,2.000000,0.000536,0.004040,7.167338
highschool creeps,2.000000,0.000536,0.004040,7.167338
specialed creeps,2.000000,0.000536,0.004040,7.167338
applies else,2.000000,0.000536,0.004040,5.781044
caques months,5.000000,0.001341,0.008871,2.607166
caques point,2.000000,0.000536,0.004040,3.008455
caques logic,2.000000,0.000536,0.004040,6.474191
whole reeks,2.000000,0.000536,0.004040,5.663261
whole tacky,2.000000,0.000536,0.004040,5.663261
whole hollywood,2.000000,0.000536,0.004040,5.663261
whole marketing,2.000000,0.000536,0.004040,3.717351
whole ploy,2.000000,0.000536,0.004040,5.663261
large group,2.000000,0.000536,0.004040,6.761873
wearing coats,2.000000,0.000536,0.004040,4.970114
seems fair,2.000000,0.000536,0.004040,4.641610
seems u,2.000000,0.000536,0.004040,5.557901
seems infringe,2.000000,0.000536,0.004040,6.251048
seems cultural,2.000000,0.000536,0.004040,6.251048
seems expression,2.000000,0.000536,0.004040,5.334757
seems movie,2.000000,0.000536,0.004040,4.305138
seems marketing,2.000000,0.000536,0.004040,4.305138
seems stunt,2.000000,0.000536,0.004040,6.251048
seems hasnt,2.000000,0.000536,0.004040,6.251048
seems entered,2.000000,0.000536,0.004040,6.251048
u fair,2.000000,0.000536,0.004040,4.864753
u infringe,2.000000,0.000536,0.004040,6.474191
u cultural,2.000000,0.000536,0.004040,6.474191
u expression,2.000000,0.000536,0.004040,5.557901
u asshole,2.000000,0.000536,0.004040,5.781044
u states,2.000000,0.000536,0.004040,5.557901
infringe children,2.000000,0.000536,0.004040,4.099286
infringe cultural,2.000000,0.000536,0.004040,7.167338
infringe expression,2.000000,0.000536,0.004040,6.251048
infringe asshole,2.000000,0.000536,0.004040,6.474191
cultural children,2.000000,0.000536,0.004040,4.099286
cultural expression,2.000000,0.000536,0.004040,6.251048
cultural asshole,2.000000,0.000536,0.004040,6.474191
expression children,2.000000,0.000536,0.004040,3.182995
expression asshole,2.000000,0.000536,0.004040,5.557901
expression great,2.000000,0.000536,0.004040,5.334757
expression country,2.000000,0.000536,0.004040,5.557901
asshole children,3.000000,0.000805,0.005734,3.811603
wasnt plot,2.000000,0.000536,0.004040,5.914575
wasnt cinematography,2.000000,0.000536,0.004040,5.914575
wasnt direction,2.000000,0.000536,0.004040,5.509110
wasnt soundtrack,2.000000,0.000536,0.004040,5.914575
wasnt selection,2.000000,0.000536,0.004040,5.914575
everyone clown,4.000000,0.001073,0.007336,1.827399
everyone video,2.000000,0.000536,0.004040,3.235513
everyone people,2.000000,0.000536,0.004040,2.262064
everyone bags,2.000000,0.000536,0.004040,4.970114
everyone pocket,2.000000,0.000536,0.004040,4.970114
everyone camera,2.000000,0.000536,0.004040,4.970114
everyone nobody,2.000000,0.000536,0.004040,4.276967
everyone produced,2.000000,0.000536,0.004040,5.375579
everyone talking,2.000000,0.000536,0.004040,4.682432
everyone terrorizing,2.000000,0.000536,0.004040,5.375579
happened columbine,2.000000,0.000536,0.004040,4.276967
kid hysteria,2.000000,0.000536,0.004040,5.087897
wear school,2.000000,0.000536,0.004040,3.733351
conceal weapon,3.000000,0.000805,0.005734,5.493362
weapon crime,2.000000,0.000536,0.004040,5.781044
again something,2.000000,0.000536,0.004040,4.864753
again especially,2.000000,0.000536,0.004040,5.781044
again dicey,2.000000,0.000536,0.004040,6.474191
lockers backpacks,2.000000,0.000536,0.004040,6.474191
carry everything,2.000000,0.000536,0.004040,4.815963
carry day,2.000000,0.000536,0.004040,4.410498
carry pepper,2.000000,0.000536,0.004040,5.914575
carry spray,3.000000,0.000805,0.005734,5.067278
bags system,2.000000,0.000536,0.004040,6.761873
bags whole,2.000000,0.000536,0.004040,5.257796
late kid,2.000000,0.000536,0.004040,5.087897
late hysteria,2.000000,0.000536,0.004040,5.781044
bus fake,2.000000,0.000536,0.004040,4.305138
bus person,2.000000,0.000536,0.004040,4.641610
bus months,2.000000,0.000536,0.004040,1.467731
bus rerollffs,2.000000,0.000536,0.004040,5.557901
bus filmed,2.000000,0.000536,0.004040,6.251048
high school,5.000000,0.001341,0.008871,4.090026
high schools,2.000000,0.000536,0.004040,4.815963
high everyone,3.000000,0.000805,0.005734,4.528281
life clown,2.000000,0.000536,0.004040,2.009721
without spooked,2.000000,0.000536,0.004040,6.474191
books used,2.000000,0.000536,0.004040,5.221428
books home,2.000000,0.000536,0.004040,4.769443
minutes left,2.000000,0.000536,0.004040,5.375579
throughout day,2.000000,0.000536,0.004040,5.663261
day video,2.000000,0.000536,0.004040,3.523195
day age,2.000000,0.000536,0.004040,4.564649
day everyone,3.000000,0.000805,0.005734,4.276967
day pocket,2.000000,0.000536,0.004040,5.257796
day camera,2.000000,0.000536,0.004040,5.257796
cases used,2.000000,0.000536,0.004040,5.914575
cases books,2.000000,0.000536,0.004040,6.474191
later house,2.000000,0.000536,0.004040,4.236145
continue months,2.000000,0.000536,0.004040,2.384022
continue thread,2.000000,0.000536,0.004040,7.167338
thread months,2.000000,0.000536,0.004040,2.384022
thread school,2.000000,0.000536,0.004040,4.426498
ive high,2.000000,0.000536,0.004040,5.221428
logic knife,2.000000,0.000536,0.004040,5.221428
logic ban,2.000000,0.000536,0.004040,6.251048
logic pants,2.000000,0.000536,0.004040,6.761873
logic fit,2.000000,0.000536,0.004040,7.167338
pocket clown,2.000000,0.000536,0.004040,2.520547
pocket video,2.000000,0.000536,0.004040,4.621807
pocket sightings,2.000000,0.000536,0.004040,4.970114
pocket nobody,2.000000,0.000536,0.004040,5.663261
pocket produced,2.000000,0.000536,0.004040,6.761873
part trench,2.000000,0.000536,0.004040,5.557901
part coat,2.000000,0.000536,0.004040,6.068726
lot clown,2.000000,0.000536,0.004040,1.673249
lot fucking,2.000000,0.000536,0.004040,4.042773
lot sightings,2.000000,0.000536,0.004040,4.122816
lot popping,2.000000,0.000536,0.004040,5.221428
lot state,2.000000,0.000536,0.004040,5.914575
youre clown,4.000000,0.001073,0.007336,2.009721
youre person,2.000000,0.000536,0.004040,3.948463
youre completely,3.000000,0.000805,0.005734,4.864753
youre bus,2.000000,0.000536,0.004040,4.641610
youre face,3.000000,0.000805,0.005734,4.864753
youre paint,3.000000,0.000805,0.005734,5.557901
youre mask,3.000000,0.000805,0.005734,4.353928
youre talking,2.000000,0.000536,0.004040,4.864753
youre dead,2.000000,0.000536,0.004040,4.641610
youre street,2.000000,0.000536,0.004040,5.152435
bad carry,2.000000,0.000536,0.004040,5.221428
bad cant,2.000000,0.000536,0.004040,5.781044
bad pepper,2.000000,0.000536,0.004040,6.474191
bad spray,2.000000,0.000536,0.004040,5.221428
name see,2.000000,0.000536,0.004040,3.835134
name movie,2.000000,0.000536,0.004040,3.968665
name indie,2.000000,0.000536,0.004040,5.914575
name funding,4.000000,0.001073,0.007336,6.607723
name big,2.000000,0.000536,0.004040,4.998285
known john,2.000000,0.000536,0.004040,6.356408
known wayne,2.000000,0.000536,0.004040,6.761873
known gacy,2.000000,0.000536,0.004040,6.761873
known technique,2.000000,0.000536,0.004040,6.761873
trenchcoat children,2.000000,0.000536,0.004040,4.099286
bomb threats,2.000000,0.000536,0.004040,6.356408
see clown,4.000000,0.001073,0.007336,1.539717
see creepy,2.000000,0.000536,0.004040,2.836605
see name,4.000000,0.001073,0.007336,4.528281
see funding,2.000000,0.000536,0.004040,5.087897
see big,3.000000,0.000805,0.005734,4.577071
see caliber,2.000000,0.000536,0.004040,5.087897
neo months,2.000000,0.000536,0.004040,2.384022
arent months,2.000000,0.000536,0.004040,2.384022
arent point,2.000000,0.000536,0.004040,3.701603
httpwwwdaytondailynewscomnewsnewscrimelawrobberswearingclownmasksholdupspeedwayindanskfr clown,2.000000,0.000536,0.004040,2.926012
httpwwwdaytondailynewscomnewsnewscrimelawrobberswearingclownmasksholdupspeedwayindanskfr stories,2.000000,0.000536,0.004040,6.761873
httpwwwdaytondailynewscomnewsnewscrimelawrobberswearingclownmasksholdupspeedwayindanskfr know,2.000000,0.000536,0.004040,4.864753
httpwwwdaytondailynewscomnewsnewscrimelawrobberswearingclownmasksholdupspeedwayindanskfr httpwwwclickondetroitcomnewsarmedclownrobswalgreensinbrownstowntownship,2.000000,0.000536,0.004040,7.167338
httpwwwdaytondailynewscomnewsnewscrimelawrobberswearingclownmasksholdupspeedwayindanskfr roaming,2.000000,0.000536,0.004040,7.167338
httpwwwclickondetroitcomnewsarmedclownrobswalgreensinbrownstowntownship clown,2.000000,0.000536,0.004040,2.926012
httpwwwclickondetroitcomnewsarmedclownrobswalgreensinbrownstowntownship stories,2.000000,0.000536,0.004040,6.761873
httpwwwclickondetroitcomnewsarmedclownrobswalgreensinbrownstowntownship know,2.000000,0.000536,0.004040,4.864753
httpwwwclickondetroitcomnewsarmedclownrobswalgreensinbrownstowntownship roaming,2.000000,0.000536,0.004040,7.167338
httpwwwclickondetroitcomnewsarmedclownrobswalgreensinbrownstowntownship neighborhoods,2.000000,0.000536,0.004040,6.761873
roaming video,2.000000,0.000536,0.004040,5.027272
roaming neighborhoods,2.000000,0.000536,0.004040,6.761873
roaming caught,2.000000,0.000536,0.004040,7.167338
roaming committing,2.000000,0.000536,0.004040,6.761873
roaming armed,2.000000,0.000536,0.004040,7.167338
neighborhoods video,2.000000,0.000536,0.004040,4.621807
neighborhoods caught,2.000000,0.000536,0.004040,6.761873
neighborhoods committing,2.000000,0.000536,0.004040,6.356408
neighborhoods armed,2.000000,0.000536,0.004040,6.761873
neighborhoods robberies,2.000000,0.000536,0.004040,6.761873
caught video,2.000000,0.000536,0.004040,5.027272
caught people,2.000000,0.000536,0.004040,4.053823
caught committing,2.000000,0.000536,0.004040,6.761873
caught armed,2.000000,0.000536,0.004040,7.167338
caught robberies,2.000000,0.000536,0.004040,7.167338
committing pictures,2.000000,0.000536,0.004040,5.845583
committing people,2.000000,0.000536,0.004040,3.648358
committing posting,2.000000,0.000536,0.004040,6.356408
committing armed,2.000000,0.000536,0.004040,6.761873
committing robberies,2.000000,0.000536,0.004040,6.761873
armed pictures,2.000000,0.000536,0.004040,6.251048
armed people,2.000000,0.000536,0.004040,4.053823
armed videos,2.000000,0.000536,0.004040,6.761873
armed posting,2.000000,0.000536,0.004040,6.761873
armed robberies,2.000000,0.000536,0.004040,7.167338
robberies pictures,2.000000,0.000536,0.004040,6.251048
robberies people,2.000000,0.000536,0.004040,4.053823
robberies videos,2.000000,0.000536,0.004040,6.761873
robberies posting,2.000000,0.000536,0.004040,6.761873
robberies twitter,2.000000,0.000536,0.004040,7.167338
i_scream_ur_comments months,6.000000,0.001609,0.010352,2.789487
i_scream_ur_comments point,2.000000,0.000536,0.004040,3.008455
i_scream_ur_comments mean,2.000000,0.000536,0.004040,4.970114
i_scream_ur_comments hoax,2.000000,0.000536,0.004040,5.087897
i_scream_ur_comments hearsay,2.000000,0.000536,0.004040,6.474191
i_scream_ur_comments rumors,2.000000,0.000536,0.004040,6.474191
mean clown,2.000000,0.000536,0.004040,1.421934
mean video,2.000000,0.000536,0.004040,3.523195
mean hoax,4.000000,0.001073,0.007336,4.970114
mean theres,2.000000,0.000536,0.004040,4.276967
mean facebook,2.000000,0.000536,0.004040,4.970114
mean suspension,2.000000,0.000536,0.004040,5.663261
source clown,2.000000,0.000536,0.004040,2.926012
source people,2.000000,0.000536,0.004040,4.053823
source dressed,2.000000,0.000536,0.004040,5.557901
source argument,2.000000,0.000536,0.004040,7.167338
whos clown,2.000000,0.000536,0.004040,2.520547
whos lure,2.000000,0.000536,0.004040,5.152435
whos children,3.000000,0.000805,0.005734,4.099286
whos saw,2.000000,0.000536,0.004040,4.564649
whos claiming,2.000000,0.000536,0.004040,6.068726
claiming clown,2.000000,0.000536,0.004040,2.232865
claiming lure,2.000000,0.000536,0.004040,4.864753
claiming children,2.000000,0.000536,0.004040,3.406138
claiming reports,2.000000,0.000536,0.004040,4.970114
claiming saw,2.000000,0.000536,0.004040,4.276967
edit lol,2.000000,0.000536,0.004040,5.087897
edit google,2.000000,0.000536,0.004040,6.474191
hearsay rumors,2.000000,0.000536,0.004040,7.167338
report nothing,2.000000,0.000536,0.004040,5.375579
report jimmy,2.000000,0.000536,0.004040,6.474191
report hoffa,2.000000,0.000536,0.004040,6.474191
report assaulted,2.000000,0.000536,0.004040,6.068726
report newspapers,2.000000,0.000536,0.004040,6.474191
jimmy hoffa,2.000000,0.000536,0.004040,7.167338
jimmy assaulted,2.000000,0.000536,0.004040,6.761873
jimmy newspapers,2.000000,0.000536,0.004040,7.167338
hoffa assaulted,2.000000,0.000536,0.004040,6.761873
hoffa newspapers,2.000000,0.000536,0.004040,7.167338
assaulted newspapers,2.000000,0.000536,0.004040,6.761873
manoflabook months,4.000000,0.001073,0.007336,2.384022
manoflabook mean,2.000000,0.000536,0.004040,4.970114
manoflabook hoax,2.000000,0.000536,0.004040,5.087897
asking trouble,2.000000,0.000536,0.004040,6.474191
pewpewlaserpewpew reports,2.000000,0.000536,0.004040,5.257796
pewpewlaserpewpew people,2.000000,0.000536,0.004040,3.648358
pewpewlaserpewpew months,3.000000,0.000805,0.005734,2.384022
pewpewlaserpewpew claiming,2.000000,0.000536,0.004040,6.068726
pewpewlaserpewpew nope,2.000000,0.000536,0.004040,6.761873
nope reports,2.000000,0.000536,0.004040,5.663261
nope people,2.000000,0.000536,0.004040,4.053823
nope claiming,2.000000,0.000536,0.004040,6.474191
throwing false,2.000000,0.000536,0.004040,7.167338
throwing info,2.000000,0.000536,0.004040,7.167338
throwing justify,2.000000,0.000536,0.004040,7.167338
throwing banning,2.000000,0.000536,0.004040,7.167338
throwing freedom,2.000000,0.000536,0.004040,7.167338
false expression,2.000000,0.000536,0.004040,6.251048
false info,2.000000,0.000536,0.004040,7.167338
false justify,2.000000,0.000536,0.004040,7.167338
false banning,2.000000,0.000536,0.004040,7.167338
false freedom,2.000000,0.000536,0.004040,7.167338
info expression,2.000000,0.000536,0.004040,6.251048
info justify,2.000000,0.000536,0.004040,7.167338
info banning,2.000000,0.000536,0.004040,7.167338
info freedom,2.000000,0.000536,0.004040,7.167338
info great,2.000000,0.000536,0.004040,6.251048
justify expression,2.000000,0.000536,0.004040,6.251048
justify banning,2.000000,0.000536,0.004040,7.167338
justify freedom,2.000000,0.000536,0.004040,7.167338
justify great,2.000000,0.000536,0.004040,6.251048
justify country,2.000000,0.000536,0.004040,6.474191
banning expression,2.000000,0.000536,0.004040,6.251048
banning freedom,2.000000,0.000536,0.004040,7.167338
banning great,2.000000,0.000536,0.004040,6.251048
banning country,2.000000,0.000536,0.004040,6.474191
freedom expression,2.000000,0.000536,0.004040,6.251048
freedom great,2.000000,0.000536,0.004040,6.251048
freedom country,2.000000,0.000536,0.004040,6.474191
great country,2.000000,0.000536,0.004040,5.557901
jeffuary months,2.000000,0.000536,0.004040,2.384022
jeffuary kid,2.000000,0.000536,0.004040,5.781044
jeffuary late,2.000000,0.000536,0.004040,6.474191
jeffuary hysteria,2.000000,0.000536,0.004040,6.474191
urban legends,2.000000,0.000536,0.004040,7.167338
bu people,2.000000,0.000536,0.004040,4.053823
bu internet,2.000000,0.000536,0.004040,6.251048
bu bored,2.000000,0.000536,0.004040,7.167338
bu needs,2.000000,0.000536,0.004040,7.167338
bu trolling,2.000000,0.000536,0.004040,7.167338
bored people,2.000000,0.000536,0.004040,4.053823
bored needs,2.000000,0.000536,0.004040,7.167338
bored trolling,2.000000,0.000536,0.004040,7.167338
needs people,2.000000,0.000536,0.004040,4.053823
needs trolling,2.000000,0.000536,0.004040,7.167338
trolling people,2.000000,0.000536,0.004040,4.053823
prncpl_vgna_no_rlatn clown,2.000000,0.000536,0.004040,2.926012
prncpl_vgna_no_rlatn months,2.000000,0.000536,0.004040,2.384022
prncpl_vgna_no_rlatn youre,2.000000,0.000536,0.004040,5.557901
prncpl_vgna_no_rlatn face,2.000000,0.000536,0.004040,6.068726
prncpl_vgna_no_rlatn paint,2.000000,0.000536,0.004040,6.761873
face completely,3.000000,0.000805,0.005734,5.375579
face paint,3.000000,0.000805,0.005734,6.068726
face mask,3.000000,0.000805,0.005734,4.864753
face hides,3.000000,0.000805,0.005734,6.068726
face identity,3.000000,0.000805,0.005734,6.068726
paint completely,3.000000,0.000805,0.005734,6.068726
paint mask,3.000000,0.000805,0.005734,5.557901
paint hides,3.000000,0.000805,0.005734,6.761873
paint identity,3.000000,0.000805,0.005734,6.761873
paint otherwise,2.000000,0.000536,0.004040,6.356408
mask completely,3.000000,0.000805,0.005734,4.864753
mask known,2.000000,0.000536,0.004040,5.152435
mask hides,3.000000,0.000805,0.005734,5.557901
mask identity,3.000000,0.000805,0.005734,5.557901
mask otherwise,2.000000,0.000536,0.004040,5.152435
hides known,2.000000,0.000536,0.004040,6.356408
hides identity,3.000000,0.000805,0.005734,6.761873
hides otherwise,2.000000,0.000536,0.004040,6.356408
hides john,2.000000,0.000536,0.004040,6.356408
hides wayne,2.000000,0.000536,0.004040,6.761873
identity known,2.000000,0.000536,0.004040,6.356408
identity otherwise,2.000000,0.000536,0.004040,6.356408
identity john,2.000000,0.000536,0.004040,6.356408
identity wayne,2.000000,0.000536,0.004040,6.761873
identity gacy,2.000000,0.000536,0.004040,6.761873
otherwise known,2.000000,0.000536,0.004040,6.356408
otherwise john,2.000000,0.000536,0.004040,6.356408
otherwise wayne,2.000000,0.000536,0.004040,6.761873
otherwise gacy,2.000000,0.000536,0.004040,6.761873
otherwise technique,2.000000,0.000536,0.004040,6.761873
john wayne,2.000000,0.000536,0.004040,6.761873
john gacy,2.000000,0.000536,0.004040,6.761873
john technique,2.000000,0.000536,0.004040,6.761873
wayne gacy,2.000000,0.000536,0.004040,7.167338
wayne technique,2.000000,0.000536,0.004040,7.167338
gacy technique,2.000000,0.000536,0.004040,7.167338
coincidental clown,4.000000,0.001073,0.007336,2.926012
coincidental year,4.000000,0.001073,0.007336,5.295536
coincidental suddenly,4.000000,0.001073,0.007336,6.068726
coincidental rash,4.000000,0.001073,0.007336,6.474191
coincidental sightings,4.000000,0.001073,0.007336,5.375579
suddenly clown,4.000000,0.001073,0.007336,2.520547
suddenly year,4.000000,0.001073,0.007336,4.890071
suddenly rash,4.000000,0.001073,0.007336,6.068726
suddenly sightings,4.000000,0.001073,0.007336,4.970114
suddenly production,4.000000,0.001073,0.007336,5.663261
rash clown,4.000000,0.001073,0.007336,2.926012
rash year,4.000000,0.001073,0.007336,5.295536
rash sightings,4.000000,0.001073,0.007336,5.375579
rash production,4.000000,0.001073,0.007336,6.068726
rash begins,4.000000,0.001073,0.007336,6.474191
sightings clown,7.000000,0.001878,0.011788,2.387015
sightings reports,2.000000,0.000536,0.004040,3.871502
sightings year,4.000000,0.001073,0.007336,4.196924
sightings several,2.000000,0.000536,0.004040,4.122816
sightings production,4.000000,0.001073,0.007336,4.970114
sightings begins,4.000000,0.001073,0.007336,5.375579
sightings based,4.000000,0.001073,0.007336,5.375579
sightings popping,2.000000,0.000536,0.004040,4.682432
sightings state,2.000000,0.000536,0.004040,5.375579
production clown,4.000000,0.001073,0.007336,2.520547
production begins,4.000000,0.001073,0.007336,6.068726
production based,4.000000,0.001073,0.007336,6.068726
production horror,4.000000,0.001073,0.007336,5.663261
production movie,4.000000,0.001073,0.007336,4.815963
begins clown,4.000000,0.001073,0.007336,2.926012
begins based,4.000000,0.001073,0.007336,6.474191
begins horror,4.000000,0.001073,0.007336,6.068726
begins movie,4.000000,0.001073,0.007336,5.221428
begins remake,4.000000,0.001073,0.007336,6.474191
based horror,4.000000,0.001073,0.007336,6.068726
based movie,4.000000,0.001073,0.007336,5.221428
based remake,4.000000,0.001073,0.007336,6.474191
horror year,2.000000,0.000536,0.004040,4.196924
horror literally,2.000000,0.000536,0.004040,5.152435
horror nothing,2.000000,0.000536,0.004040,4.970114
horror movie,4.000000,0.001073,0.007336,4.815963
horror remake,4.000000,0.001073,0.007336,6.068726
horror movies,2.000000,0.000536,0.004040,5.375579
horror means,2.000000,0.000536,0.004040,5.375579
movie something,2.000000,0.000536,0.004040,3.611990
movie again,2.000000,0.000536,0.004040,4.528281
movie name,4.000000,0.001073,0.007336,4.661813
movie see,2.000000,0.000536,0.004040,3.141987
movie called,2.000000,0.000536,0.004040,3.611990
movie production,2.000000,0.000536,0.004040,4.122816
movie remake,4.000000,0.001073,0.007336,5.221428
movie marketing,2.000000,0.000536,0.004040,3.275518
movie hasnt,2.000000,0.000536,0.004040,5.221428
movie entered,2.000000,0.000536,0.004040,5.221428
movie funding,2.000000,0.000536,0.004040,5.221428
movie big,2.000000,0.000536,0.004040,4.305138
movie considered,2.000000,0.000536,0.004040,4.815963
movie huge,2.000000,0.000536,0.004040,5.221428
movie success,2.000000,0.000536,0.004040,5.221428
movie especially,2.000000,0.000536,0.004040,4.528281
movie dicey,2.000000,0.000536,0.004040,5.221428
odd video,2.000000,0.000536,0.004040,5.027272
odd age,2.000000,0.000536,0.004040,6.068726
odd everyone,2.000000,0.000536,0.004040,5.375579
odd day,2.000000,0.000536,0.004040,5.663261
odd camera,2.000000,0.000536,0.004040,6.761873
camera clown,2.000000,0.000536,0.004040,2.520547
camera video,2.000000,0.000536,0.004040,4.621807
camera pocket,2.000000,0.000536,0.004040,6.356408
camera nobody,2.000000,0.000536,0.004040,5.663261
camera produced,2.000000,0.000536,0.004040,6.761873
nobody clown,2.000000,0.000536,0.004040,1.827399
nobody video,2.000000,0.000536,0.004040,3.928660
nobody sightings,2.000000,0.000536,0.004040,4.276967
nobody produced,2.000000,0.000536,0.004040,6.068726
produced clown,2.000000,0.000536,0.004040,2.926012
produced video,2.000000,0.000536,0.004040,5.027272
produced sightings,2.000000,0.000536,0.004040,5.375579
reeks tacky,2.000000,0.000536,0.004040,7.167338
reeks hollywood,2.000000,0.000536,0.004040,7.167338
reeks marketing,2.000000,0.000536,0.004040,5.221428
reeks ploy,2.000000,0.000536,0.004040,7.167338
tacky hollywood,2.000000,0.000536,0.004040,7.167338
tacky marketing,2.000000,0.000536,0.004040,5.221428
tacky ploy,2.000000,0.000536,0.004040,7.167338
hollywood marketing,2.000000,0.000536,0.004040,5.221428
hollywood ploy,2.000000,0.000536,0.004040,7.167338
marketing year,2.000000,0.000536,0.004040,3.349626
marketing halloween,2.000000,0.000536,0.004040,3.717351
marketing production,2.000000,0.000536,0.004040,4.122816
marketing movie,2.000000,0.000536,0.004040,3.275518
marketing ploy,2.000000,0.000536,0.004040,5.221428
marketing stunt,2.000000,0.000536,0.004040,5.221428
marketing hasnt,2.000000,0.000536,0.004040,5.221428
marketing entered,2.000000,0.000536,0.004040,5.221428
marketing considered,2.000000,0.000536,0.004040,4.815963
marketing huge,2.000000,0.000536,0.004040,5.221428
marketing success,2.000000,0.000536,0.004040,5.221428
marketing copycats,2.000000,0.000536,0.004040,5.221428
marketing exist,2.000000,0.000536,0.004040,5.221428
operationarrow months,2.000000,0.000536,0.004040,2.384022
operationarrow seems,2.000000,0.000536,0.004040,6.251048
operationarrow movie,2.000000,0.000536,0.004040,5.221428
operationarrow marketing,2.000000,0.000536,0.004040,5.221428
operationarrow stunt,2.000000,0.000536,0.004040,7.167338
stunt production,2.000000,0.000536,0.004040,6.068726
stunt movie,2.000000,0.000536,0.004040,5.221428
stunt hasnt,2.000000,0.000536,0.004040,7.167338
stunt entered,2.000000,0.000536,0.004040,7.167338
hasnt production,2.000000,0.000536,0.004040,6.068726
hasnt entered,2.000000,0.000536,0.004040,7.167338
entered production,2.000000,0.000536,0.004040,6.068726
indie name,2.000000,0.000536,0.004040,5.914575
indie see,2.000000,0.000536,0.004040,5.087897
indie movie,2.000000,0.000536,0.004040,5.221428
indie funding,2.000000,0.000536,0.004040,7.167338
indie big,2.000000,0.000536,0.004040,6.251048
funding name,2.000000,0.000536,0.004040,5.914575
funding big,2.000000,0.000536,0.004040,6.251048
big name,2.000000,0.000536,0.004040,4.998285
rerollffs clown,4.000000,0.001073,0.007336,2.926012
rerollffs months,4.000000,0.001073,0.007336,2.384022
rerollffs started,2.000000,0.000536,0.004040,5.221428
rerollffs everyone,2.000000,0.000536,0.004040,4.682432
rerollffs marketing,2.000000,0.000536,0.004040,4.528281
rerollffs blair,2.000000,0.000536,0.004040,6.474191
rerollffs witch,2.000000,0.000536,0.004040,6.474191
rerollffs talking,2.000000,0.000536,0.004040,5.781044
blair started,2.000000,0.000536,0.004040,5.914575
blair year,2.000000,0.000536,0.004040,5.295536
blair marketing,2.000000,0.000536,0.004040,5.221428
blair witch,2.000000,0.000536,0.004040,7.167338
witch started,2.000000,0.000536,0.004040,5.914575
witch year,2.000000,0.000536,0.004040,5.295536
witch marketing,2.000000,0.000536,0.004040,5.221428
independent movie,2.000000,0.000536,0.004040,5.221428
independent marketing,2.000000,0.000536,0.004040,5.221428
independent considered,2.000000,0.000536,0.004040,6.761873
independent huge,2.000000,0.000536,0.004040,7.167338
independent success,2.000000,0.000536,0.004040,7.167338
considered huge,2.000000,0.000536,0.004040,6.761873
considered success,2.000000,0.000536,0.004040,6.761873
huge success,2.000000,0.000536,0.004040,7.167338
wouldnt good,2.000000,0.000536,0.004040,4.053823
wouldnt something,2.000000,0.000536,0.004040,4.459288
wouldnt passed,2.000000,0.000536,0.004040,5.375579
wouldnt again,2.000000,0.000536,0.004040,5.375579
wouldnt movie,2.000000,0.000536,0.004040,4.122816
wouldnt especially,2.000000,0.000536,0.004040,5.375579
especially something,2.000000,0.000536,0.004040,4.864753
especially dicey,2.000000,0.000536,0.004040,6.474191
freeze marketing,2.000000,0.000536,0.004040,5.221428
freeze studio,2.000000,0.000536,0.004040,7.167338
freeze continuing,2.000000,0.000536,0.004040,7.167338
studio marketing,2.000000,0.000536,0.004040,5.221428
studio continuing,2.000000,0.000536,0.004040,7.167338
continuing marketing,2.000000,0.000536,0.004040,5.221428
ihavefourspades months,2.000000,0.000536,0.004040,2.384022
ihavefourspades youre,2.000000,0.000536,0.004040,5.557901
ihavefourspades talking,2.000000,0.000536,0.004040,6.474191
ihavefourspades dead,2.000000,0.000536,0.004040,6.251048
ihavefourspades street,2.000000,0.000536,0.004040,6.761873
talking clown,4.000000,0.001073,0.007336,2.926012
talking person,2.000000,0.000536,0.004040,4.864753
talking people,2.000000,0.000536,0.004040,3.360676
talking bus,2.000000,0.000536,0.004040,5.557901
talking dead,2.000000,0.000536,0.004040,5.557901
talking street,2.000000,0.000536,0.004040,6.068726
talking filmed,2.000000,0.000536,0.004040,6.474191
talking terrorizing,2.000000,0.000536,0.004040,6.474191
dead fake,2.000000,0.000536,0.004040,4.305138
dead person,2.000000,0.000536,0.004040,4.641610
dead bus,2.000000,0.000536,0.004040,5.334757
dead street,2.000000,0.000536,0.004040,5.845583
dead filmed,2.000000,0.000536,0.004040,6.251048
street fake,2.000000,0.000536,0.004040,4.815963
street person,2.000000,0.000536,0.004040,5.152435
street bus,2.000000,0.000536,0.004040,5.845583
street rerollffs,2.000000,0.000536,0.004040,6.068726
street filmed,2.000000,0.000536,0.004040,6.761873
filmed fake,2.000000,0.000536,0.004040,5.221428
filmed months,2.000000,0.000536,0.004040,2.384022
filmed everyone,2.000000,0.000536,0.004040,5.375579
filmed rerollffs,2.000000,0.000536,0.004040,6.474191
filmed talking,2.000000,0.000536,0.004040,6.474191
terrorizing people,2.000000,0.000536,0.004040,4.053823
copycats exist,2.000000,0.000536,0.004040,7.167338
iamseth months,2.000000,0.000536,0.004040,2.384022
rob clown,2.000000,0.000536,0.004040,1.539717
rob called,2.000000,0.000536,0.004040,4.171606
rob movie,2.000000,0.000536,0.004040,3.835134
rob zombies,2.000000,0.000536,0.004040,5.781044
rob zombie,6.000000,0.001609,0.010352,5.781044
rob film,2.000000,0.000536,0.004040,5.781044
zombies clown,2.000000,0.000536,0.004040,2.926012
zombies called,2.000000,0.000536,0.004040,5.557901
zombies movie,2.000000,0.000536,0.004040,5.221428
saukkomestari comments,2.000000,0.000536,0.004040,4.815963
saukkomestari replies,2.000000,0.000536,0.004040,5.027272
saukkomestari months,2.000000,0.000536,0.004040,2.384022
saukkomestari load,4.000000,0.001073,0.007336,5.663261
zombie film,2.000000,0.000536,0.004040,6.068726
timiscoldinmaine months,4.000000,0.001073,0.007336,2.384022
timiscoldinmaine gave,2.000000,0.000536,0.004040,5.221428
timiscoldinmaine kind,2.000000,0.000536,0.004040,6.474191
timiscoldinmaine sucked,2.000000,0.000536,0.004040,6.474191
timiscoldinmaine devils,2.000000,0.000536,0.004040,5.375579
timiscoldinmaine rejects,2.000000,0.000536,0.004040,5.375579
timiscoldinmaine hope,2.000000,0.000536,0.004040,5.221428
kind sucked,2.000000,0.000536,0.004040,7.167338
disappointment months,2.000000,0.000536,0.004040,2.384022
disappointment abounds,2.000000,0.000536,0.004040,7.167338
disappointment movies,2.000000,0.000536,0.004040,6.474191
disappointment except,2.000000,0.000536,0.004040,7.167338
disappointment devils,2.000000,0.000536,0.004040,6.068726
abounds months,2.000000,0.000536,0.004040,2.384022
abounds movies,2.000000,0.000536,0.004040,6.474191
abounds except,2.000000,0.000536,0.004040,7.167338
abounds devils,2.000000,0.000536,0.004040,6.068726
abounds rejects,2.000000,0.000536,0.004040,6.068726
movies year,2.000000,0.000536,0.004040,4.602389
movies literally,2.000000,0.000536,0.004040,5.557901
movies nothing,2.000000,0.000536,0.004040,5.375579
movies except,2.000000,0.000536,0.004040,6.474191
movies devils,2.000000,0.000536,0.004040,5.375579
movies rejects,2.000000,0.000536,0.004040,5.375579
movies means,2.000000,0.000536,0.004040,5.781044
except devils,2.000000,0.000536,0.004040,6.068726
except rejects,2.000000,0.000536,0.004040,6.068726
devils gave,2.000000,0.000536,0.004040,4.815963
devils rob,2.000000,0.000536,0.004040,4.682432
devils zombie,2.000000,0.000536,0.004040,4.970114
devils rejects,6.000000,0.001609,0.010352,6.068726
devils masterpiece,2.000000,0.000536,0.004040,6.068726
devils hope,2.000000,0.000536,0.004040,4.815963
rejects gave,2.000000,0.000536,0.004040,4.815963
rejects rob,2.000000,0.000536,0.004040,4.682432
rejects zombie,2.000000,0.000536,0.004040,4.970114
rejects masterpiece,2.000000,0.000536,0.004040,6.068726
rejects hope,2.000000,0.000536,0.004040,4.815963
hope see,3.000000,0.000805,0.005734,4.240599
hope rob,2.000000,0.000536,0.004040,4.528281
hope zombie,2.000000,0.000536,0.004040,4.815963
hope caliber,2.000000,0.000536,0.004040,5.914575
plot cinematography,2.000000,0.000536,0.004040,7.167338
plot direction,2.000000,0.000536,0.004040,6.761873
plot soundtrack,2.000000,0.000536,0.004040,7.167338
plot selection,2.000000,0.000536,0.004040,7.167338
plot perfect,2.000000,0.000536,0.004040,7.167338
cinematography direction,2.000000,0.000536,0.004040,6.761873
cinematography soundtrack,2.000000,0.000536,0.004040,7.167338
cinematography selection,2.000000,0.000536,0.004040,7.167338
cinematography perfect,2.000000,0.000536,0.004040,7.167338
direction soundtrack,2.000000,0.000536,0.004040,6.761873
direction selection,2.000000,0.000536,0.004040,6.761873
direction perfect,2.000000,0.000536,0.004040,6.761873
soundtrack selection,2.000000,0.000536,0.004040,7.167338
soundtrack perfect,2.000000,0.000536,0.004040,7.167338
selection perfect,2.000000,0.000536,0.004040,7.167338
exactly wife,2.000000,0.000536,0.004040,6.761873
insanely viral,2.000000,0.000536,0.004040,6.761873
insanely creepy,2.000000,0.000536,0.004040,4.916047
insanely marketing,2.000000,0.000536,0.004040,5.221428
skunkmonkey video,2.000000,0.000536,0.004040,5.027272
skunkmonkey saw,2.000000,0.000536,0.004040,4.970114
skunkmonkey months,2.000000,0.000536,0.004040,2.384022
skunkmonkey yesterday,2.000000,0.000536,0.004040,6.761873
skunkmonkey showed,2.000000,0.000536,0.004040,7.167338
yesterday clown,2.000000,0.000536,0.004040,2.520547
yesterday children,2.000000,0.000536,0.004040,3.693820
yesterday showed,2.000000,0.000536,0.004040,6.761873
yesterday footbridge,2.000000,0.000536,0.004040,6.761873
yesterday chase,2.000000,0.000536,0.004040,6.356408
showed clown,2.000000,0.000536,0.004040,2.926012
showed children,2.000000,0.000536,0.004040,4.099286
showed footbridge,2.000000,0.000536,0.004040,7.167338
showed chase,2.000000,0.000536,0.004040,6.761873
footbridge children,2.000000,0.000536,0.004040,4.099286
footbridge chase,2.000000,0.000536,0.004040,6.761873
chase children,3.000000,0.000805,0.005734,4.099286
setup video,2.000000,0.000536,0.004040,5.027272
setup reliable,2.000000,0.000536,0.004040,6.761873
record hysteria,2.000000,0.000536,0.004040,6.068726
weepingangeltears video,2.000000,0.000536,0.004040,5.027272
weepingangeltears months,2.000000,0.000536,0.004040,2.384022
weepingangeltears mean,2.000000,0.000536,0.004040,5.663261
weepingangeltears theres,2.000000,0.000536,0.004040,5.781044
weepingangeltears facebook,2.000000,0.000536,0.004040,6.474191
theres clown,5.000000,0.001341,0.008871,2.456008
theres video,2.000000,0.000536,0.004040,3.640978
theres year,3.000000,0.000805,0.005734,4.314707
theres horror,2.000000,0.000536,0.004040,4.682432
theres movies,2.000000,0.000536,0.004040,5.087897
theres facebook,2.000000,0.000536,0.004040,5.087897
theres suspension,2.000000,0.000536,0.004040,5.781044
theres bridge,2.000000,0.000536,0.004040,5.781044
theres five,2.000000,0.000536,0.004040,5.781044
facebook clown,2.000000,0.000536,0.004040,2.232865
facebook suspension,2.000000,0.000536,0.004040,6.474191
facebook bridge,2.000000,0.000536,0.004040,6.474191
facebook chasing,2.000000,0.000536,0.004040,4.682432
facebook guys,2.000000,0.000536,0.004040,5.221428
suspension bridge,2.000000,0.000536,0.004040,7.167338
suspension chasing,2.000000,0.000536,0.004040,5.375579
suspension guys,2.000000,0.000536,0.004040,5.914575
bridge chasing,2.000000,0.000536,0.004040,5.375579
bridge guys,2.000000,0.000536,0.004040,5.914575
chasing children,6.000000,0.001609,0.010352,3.406138
chasing knife,4.000000,0.001073,0.007336,4.122816
chasing guys,2.000000,0.000536,0.004040,4.122816
chasing machete,3.000000,0.000805,0.005734,4.171606
five clown,2.000000,0.000536,0.004040,2.926012
five year,2.000000,0.000536,0.004040,5.295536
five literally,2.000000,0.000536,0.004040,6.251048
five horror,2.000000,0.000536,0.004040,6.068726
five movies,2.000000,0.000536,0.004040,6.474191
means nothing,2.000000,0.000536,0.004040,5.375579
grimpler months,3.000000,0.000805,0.005734,2.789487
grimpler point,3.000000,0.000805,0.005734,4.107068
totally understand,3.000000,0.000805,0.005734,6.474191
couple years,2.000000,0.000536,0.004040,4.641610
couple days,2.000000,0.000536,0.004040,4.998285
days without,2.000000,0.000536,0.004040,5.221428
days spooked,2.000000,0.000536,0.004040,5.914575
fear something,3.000000,0.000805,0.005734,5.047075
popping clown,2.000000,0.000536,0.004040,2.232865
popping lure,2.000000,0.000536,0.004040,4.864753
popping reports,2.000000,0.000536,0.004040,4.970114
popping several,2.000000,0.000536,0.004040,5.221428
popping state,2.000000,0.000536,0.004040,6.474191
state clown,2.000000,0.000536,0.004040,2.926012
state lure,2.000000,0.000536,0.004040,5.557901
state children,2.000000,0.000536,0.004040,4.099286
state reports,2.000000,0.000536,0.004040,5.663261
state several,2.000000,0.000536,0.004040,5.914575
cars woods,2.000000,0.000536,0.004040,5.781044
cars candy,2.000000,0.000536,0.004040,6.474191
heard clown,2.000000,0.000536,0.004040,1.827399
heard stuff,2.000000,0.000536,0.004040,5.375579
banging open,2.000000,0.000536,0.004040,6.761873
banging door,2.000000,0.000536,0.004040,6.068726
open door,2.000000,0.000536,0.004040,5.663261
cant carry,2.000000,0.000536,0.004040,5.221428
cant pepper,2.000000,0.000536,0.004040,6.474191
cant spray,2.000000,0.000536,0.004040,5.221428
d saw,2.000000,0.000536,0.004040,4.970114
states jersey,2.000000,0.000536,0.004040,5.845583
states florida,3.000000,0.000805,0.005734,6.251048
police house,2.000000,0.000536,0.004040,4.053823
police clown,5.000000,0.001341,0.008871,2.743690
justclowningaround months,3.000000,0.000805,0.005734,2.384022
justclowningaround halloween,2.000000,0.000536,0.004040,5.257796
pretty knife,2.000000,0.000536,0.004040,4.122816
terrified clown,2.000000,0.000536,0.004040,2.520547
tarrem months,2.000000,0.000536,0.004040,2.384022
awkwardtobiass months,2.000000,0.000536,0.004040,2.384022
comment children,2.000000,0.000536,0.004040,3.406138
comment score,2.000000,0.000536,0.004040,6.474191
comment below,2.000000,0.000536,0.004040,6.474191
comment threshold,2.000000,0.000536,0.004040,6.474191
stuff lot,2.000000,0.000536,0.004040,5.221428
clowns scare,2.000000,0.000536,0.004040,6.068726
safety clown,2.000000,0.000536,0.004040,2.926012
id probably,2.000000,0.000536,0.004040,4.171606
id day,2.000000,0.000536,0.004040,4.276967
parents gotten,2.000000,0.000536,0.004040,4.970114
parents dead,2.000000,0.000536,0.004040,4.459288
parents town,2.000000,0.000536,0.004040,4.459288
parents anniversary,2.000000,0.000536,0.004040,5.375579
parents plans,2.000000,0.000536,0.004040,5.375579
parents cancelled,2.000000,0.000536,0.004040,5.375579
sign outside,2.000000,0.000536,0.004040,5.334757
front truck,2.000000,0.000536,0.004040,7.167338
creepier felt,2.000000,0.000536,0.004040,6.761873
henry house,2.000000,0.000536,0.004040,3.280633
henry call,2.000000,0.000536,0.004040,4.042773
henry called,2.000000,0.000536,0.004040,3.686098
henry parents,2.000000,0.000536,0.004040,3.503777
henry asked,2.000000,0.000536,0.004040,4.379246
asked clown,2.000000,0.000536,0.004040,2.009721
plans cancelled,2.000000,0.000536,0.004040,7.167338
soon henry,2.000000,0.000536,0.004040,4.890071
tired clown,2.000000,0.000536,0.004040,2.520547
tired good,2.000000,0.000536,0.004040,4.746970
tired goddamned,2.000000,0.000536,0.004040,6.761873
tired disrupting,2.000000,0.000536,0.004040,6.761873
tired peace,2.000000,0.000536,0.004040,6.761873
whats asked,2.000000,0.000536,0.004040,6.251048
running car,3.000000,0.000805,0.005734,4.577071
batman clown,3.000000,0.000805,0.005734,2.926012
batman scare,2.000000,0.000536,0.004040,6.356408
cumbria clown,3.000000,0.000805,0.005734,2.926012
cumbria children,2.000000,0.000536,0.004040,3.693820
machete fake,2.000000,0.000536,0.004040,3.611990
machete car,2.000000,0.000536,0.004040,3.948463
glen cairn,2.000000,0.000536,0.004040,7.167338
sincerely father,2.000000,0.000536,0.004040,6.761873
vigilante justice,2.000000,0.000536,0.004040,6.761873
pepper spray,2.000000,0.000536,0.004040,5.914575
permalinkembedsaveparentreportreply months,3.000000,0.000805,0.005734,2.789487
permalinkembedsaveparentreportreply deleted,3.000000,0.000805,0.005734,5.626893
sergepowers months,4.000000,0.001073,0.007336,2.384022
bear spray,2.000000,0.000536,0.004040,5.221428
bear mace,2.000000,0.000536,0.004040,6.474191
genericsauceedwards months,2.000000,0.000536,0.004040,2.384022
score children,2.000000,0.000536,0.004040,4.099286
score months,2.000000,0.000536,0.004040,2.384022
score below,2.000000,0.000536,0.004040,7.167338
score threshold,2.000000,0.000536,0.004040,7.167338
below children,2.000000,0.000536,0.004040,4.099286
below months,2.000000,0.000536,0.004040,2.384022
below threshold,2.000000,0.000536,0.004040,7.167338
threshold children,2.000000,0.000536,0.004040,4.099286
threshold months,2.000000,0.000536,0.004040,2.384022
hard without,2.000000,0.000536,0.004040,6.068726
hard days,2.000000,0.000536,0.004040,5.509110
hard working,2.000000,0.000536,0.004040,6.761873
hard folk,2.000000,0.000536,0.004040,6.761873
hard spooked,2.000000,0.000536,0.004040,6.761873
sick clown,2.000000,0.000536,0.004040,2.926012
sick tired,2.000000,0.000536,0.004040,6.761873
sick goddamned,2.000000,0.000536,0.004040,7.167338
sick disrupting,2.000000,0.000536,0.004040,7.167338
sick peace,2.000000,0.000536,0.004040,7.167338
goddamned clown,2.000000,0.000536,0.004040,2.926012
goddamned good,2.000000,0.000536,0.004040,5.152435
goddamned hard,2.000000,0.000536,0.004040,6.761873
goddamned disrupting,2.000000,0.000536,0.004040,7.167338
goddamned peace,2.000000,0.000536,0.004040,7.167338
disrupting good,2.000000,0.000536,0.004040,5.152435
disrupting hard,2.000000,0.000536,0.004040,6.761873
disrupting peace,2.000000,0.000536,0.004040,7.167338
disrupting working,2.000000,0.000536,0.004040,7.167338
disrupting folk,2.000000,0.000536,0.004040,7.167338
peace good,2.000000,0.000536,0.004040,5.152435
peace days,2.000000,0.000536,0.004040,5.914575
peace hard,2.000000,0.000536,0.004040,6.761873
peace working,2.000000,0.000536,0.004040,7.167338
peace folk,2.000000,0.000536,0.004040,7.167338
working without,2.000000,0.000536,0.004040,6.474191
working days,2.000000,0.000536,0.004040,5.914575
working folk,2.000000,0.000536,0.004040,7.167338
working spooked,2.000000,0.000536,0.004040,7.167338
folk without,2.000000,0.000536,0.004040,6.474191
folk days,2.000000,0.000536,0.004040,5.914575
folk spooked,2.000000,0.000536,0.004040,7.167338
disturburger months,2.000000,0.000536,0.004040,2.384022
wielding car,2.000000,0.000536,0.004040,5.152435
grimsbeardkanata months,2.000000,0.000536,0.004040,2.384022
grimsbeardkanata ottawa,2.000000,0.000536,0.004040,6.761873
shitheadho months,2.000000,0.000536,0.004040,2.384022
baseball bat,2.000000,0.000536,0.004040,6.251048
waex months,4.000000,0.001073,0.007336,2.671704
waex point,3.000000,0.000805,0.005734,3.701603
nonviolent months,2.000000,0.000536,0.004040,2.384022
nonviolent point,2.000000,0.000536,0.004040,3.701603
nonviolent running,2.000000,0.000536,0.004040,5.781044
advice bring,2.000000,0.000536,0.004040,6.251048
fisher_king_toronto months,2.000000,0.000536,0.004040,2.384022
fisher_king_toronto point,2.000000,0.000536,0.004040,3.701603
