Number of pairs,3688.000000
Number of unique pairs,1435
Average pair frequency,2.570035
Pair entropy,7.119782

Pair,Frequency,Proportion,Entropy Term,Mutual Information
house clown,2.000000,0.000542,0.004078,1.323771
house parents,2.000000,0.000542,0.004078,3.371464
house town,2.000000,0.000542,0.004078,4.246932
shares comments,3.000000,0.000813,0.005787,4.826751
comments replies,14.000000,0.003796,0.021159,4.632595
comments reply,8.000000,0.002169,0.013305,4.341243
comments months,16.000000,0.004338,0.023602,2.122876
comments load,4.000000,0.001085,0.007404,3.322673
comments caques,2.000000,0.000542,0.004078,4.133604
comments coincidental,2.000000,0.000542,0.004078,4.133604
comments suddenly,2.000000,0.000542,0.004078,3.728139
comments rash,2.000000,0.000542,0.004078,4.133604
comments exactly,2.000000,0.000542,0.004078,4.421286
comments wife,2.000000,0.000542,0.004078,4.826751
young remember,2.000000,0.000542,0.004078,4.826751
clowns good,2.000000,0.000542,0.004078,1.944347
clowns clown,2.000000,0.000542,0.004078,0.119798
clowns lure,8.000000,0.002169,0.013305,3.736107
clowns woods,6.000000,0.001627,0.010446,3.671568
clowns children,9.000000,0.002440,0.014680,3.212036
clowns someone,2.000000,0.000542,0.004078,1.944347
clowns video,2.000000,0.000542,0.004078,1.819184
clowns man,2.000000,0.000542,0.004078,2.349812
clowns home,2.000000,0.000542,0.004078,2.254502
clowns months,3.000000,0.000813,0.005787,-0.418601
clowns point,2.000000,0.000542,0.004078,0.493514
clowns shit,2.000000,0.000542,0.004078,2.706487
clowns age,2.000000,0.000542,0.004078,2.860638
clowns roaming,2.000000,0.000542,0.004078,3.959250
clowns neighborhoods,2.000000,0.000542,0.004078,3.553785
clowns caught,2.000000,0.000542,0.004078,3.959250
clowns committing,2.000000,0.000542,0.004078,3.553785
clowns hoax,4.000000,0.001085,0.007404,3.266103
clowns argument,2.000000,0.000542,0.004078,3.959250
clowns places,2.000000,0.000542,0.004078,3.266103
clowns popping,2.000000,0.000542,0.004078,3.266103
clowns cars,2.000000,0.000542,0.004078,3.959250
clowns candy,2.000000,0.000542,0.004078,3.266103
clowns cult,2.000000,0.000542,0.004078,3.553785
clowns killing,2.000000,0.000542,0.004078,3.959250
clowns scare,4.000000,0.001085,0.007404,4.246932
clowns hard,2.000000,0.000542,0.004078,3.553785
clowns disrupting,2.000000,0.000542,0.004078,3.959250
clowns peace,2.000000,0.000542,0.004078,3.959250
clowns working,2.000000,0.000542,0.004078,3.959250
good without,2.000000,0.000542,0.004078,4.470076
good days,2.000000,0.000542,0.004078,3.910460
good luck,2.000000,0.000542,0.004078,5.163223
good hard,2.000000,0.000542,0.004078,4.757758
good working,2.000000,0.000542,0.004078,5.163223
good folk,2.000000,0.000542,0.004078,5.163223
viral marketing,2.000000,0.000542,0.004078,4.826751
clown house,5.000000,0.001356,0.008953,2.240061
clown kids,7.000000,0.001898,0.011895,2.106530
clown head,2.000000,0.000542,0.004078,2.422383
clown reports,2.000000,0.000542,0.004078,1.834596
clown saw,2.000000,0.000542,0.004078,1.141449
clown people,6.000000,0.001627,0.010446,1.323771
clown hurt,4.000000,0.001085,0.007404,2.779058
clown shoot,2.000000,0.000542,0.004078,2.422383
clown year,6.000000,0.001627,0.010446,2.565484
clown knife,4.000000,0.001085,0.007404,2.085911
clown stab,2.000000,0.000542,0.004078,3.338674
clown several,2.000000,0.000542,0.004078,2.085911
clown school,2.000000,0.000542,0.004078,0.597834
clown costumes,2.000000,0.000542,0.004078,2.933209
clown literally,2.000000,0.000542,0.004078,2.422383
clown completely,3.000000,0.000813,0.005787,2.645527
clown funny,2.000000,0.000542,0.004078,2.085911
clown costume,2.000000,0.000542,0.004078,2.933209
clown called,2.000000,0.000542,0.004078,1.729236
clown face,5.000000,0.001356,0.008953,3.156352
clown paint,3.000000,0.000813,0.005787,3.338674
clown mask,8.000000,0.002169,0.013305,3.115530
clown hides,3.000000,0.000813,0.005787,3.338674
clown sightings,10.000000,0.002711,0.016026,3.156352
clown production,4.000000,0.001085,0.007404,2.933209
clown begins,4.000000,0.001085,0.007404,3.338674
clown based,4.000000,0.001085,0.007404,3.338674
clown horror,6.000000,0.001627,0.010446,3.338674
clown movie,6.000000,0.001627,0.010446,2.491376
clown remake,4.000000,0.001085,0.007404,3.338674
clown recently,2.000000,0.000542,0.004078,2.933209
clown terrorizing,4.000000,0.001085,0.007404,4.031821
clown movies,2.000000,0.000542,0.004078,2.645527
clown footbridge,2.000000,0.000542,0.004078,3.338674
clown chase,3.000000,0.000813,0.005787,3.338674
clown suspension,2.000000,0.000542,0.004078,3.338674
clown bridge,2.000000,0.000542,0.004078,3.338674
clown chasing,7.000000,0.001898,0.011895,2.799677
clown guys,2.000000,0.000542,0.004078,2.085911
clown means,3.000000,0.000813,0.005787,3.050992
clown car,3.000000,0.000813,0.005787,2.134701
clown popping,2.000000,0.000542,0.004078,2.645527
clown state,2.000000,0.000542,0.004078,3.338674
clown killed,2.000000,0.000542,0.004078,2.645527
clown inside,2.000000,0.000542,0.004078,3.338674
clown walked,2.000000,0.000542,0.004078,3.338674
clown front,2.000000,0.000542,0.004078,3.338674
clown truck,2.000000,0.000542,0.004078,3.338674
clown looked,2.000000,0.000542,0.004078,3.338674
clown murder,2.000000,0.000542,0.004078,3.338674
clown gets,2.000000,0.000542,0.004078,2.933209
clown machete,3.000000,0.000813,0.005787,2.134701
clown hunting,3.000000,0.000813,0.005787,3.338674
cityofwspolice kids,2.000000,0.000542,0.004078,3.594607
lure woods,7.000000,0.001898,0.011895,5.435157
lure children,9.000000,0.002440,0.014680,4.821474
lure hoax,4.000000,0.001085,0.007404,4.875541
lure cars,2.000000,0.000542,0.004078,5.568688
lure candy,2.000000,0.000542,0.004078,4.875541
kids woods,2.000000,0.000542,0.004078,3.306925
kids knife,3.000000,0.000813,0.005787,3.152774
kids columbine,2.000000,0.000542,0.004078,3.306925
kids wearing,2.000000,0.000542,0.004078,3.594607
kids fucked,2.000000,0.000542,0.004078,4.693219
kids machete,3.000000,0.000813,0.005787,3.489247
woods hoax,4.000000,0.001085,0.007404,5.098685
woods candy,2.000000,0.000542,0.004078,5.098685
sep cityofwspolice,5.000000,0.001356,0.008953,5.897192
sep replying,6.000000,0.001627,0.010446,6.079514
sep wralsarah,6.000000,0.001627,0.010446,6.079514
replying cityofwspolice,5.000000,0.001356,0.008953,5.897192
replying wralsarah,6.000000,0.001627,0.010446,6.079514
wralsarah cityofwspolice,5.000000,0.001356,0.008953,5.897192
isnt video,2.000000,0.000542,0.004078,3.785297
isnt halloween,2.000000,0.000542,0.004078,4.421286
isnt age,2.000000,0.000542,0.004078,4.826751
isnt everyone,2.000000,0.000542,0.004078,4.133604
isnt day,2.000000,0.000542,0.004078,4.421286
isnt odd,2.000000,0.000542,0.004078,5.925363
isnt marketing,2.000000,0.000542,0.004078,3.979453
isnt copycats,2.000000,0.000542,0.004078,5.925363
isnt exist,2.000000,0.000542,0.004078,5.925363
children woods,6.000000,0.001627,0.010446,4.639152
children months,2.000000,0.000542,0.004078,0.143518
children hoax,4.000000,0.001085,0.007404,4.233687
children cars,2.000000,0.000542,0.004078,4.926834
children candy,2.000000,0.000542,0.004078,4.233687
children machete,2.000000,0.000542,0.004078,3.317396
replies comments,4.000000,0.001085,0.007404,3.379832
replies clown,2.000000,0.000542,0.004078,1.198608
replies retweet,5.000000,0.001356,0.008953,4.855738
replies likes,3.000000,0.000813,0.005787,5.038060
replies reply,7.000000,0.001898,0.011895,4.419021
replies retweets,3.000000,0.000813,0.005787,4.750378
replies months,13.000000,0.003525,0.019909,2.126546
replies load,4.000000,0.001085,0.007404,3.533982
replies coincidental,2.000000,0.000542,0.004078,4.344913
replies suddenly,2.000000,0.000542,0.004078,3.939448
replies rash,2.000000,0.000542,0.004078,4.344913
replies exactly,2.000000,0.000542,0.004078,4.632595
replies wife,2.000000,0.000542,0.004078,5.038060
likes retweet,3.000000,0.000813,0.005787,6.079514
likes reply,3.000000,0.000813,0.005787,5.306324
reply retweet,6.000000,0.001627,0.010446,5.306324
reply months,6.000000,0.001627,0.010446,1.621620
reply logic,2.000000,0.000542,0.004078,5.306324
stories clowns,2.000000,0.000542,0.004078,3.553785
stories video,2.000000,0.000542,0.004078,4.632595
stories roaming,2.000000,0.000542,0.004078,6.772661
stories neighborhoods,2.000000,0.000542,0.004078,6.367196
stories caught,2.000000,0.000542,0.004078,6.772661
retweets retweet,4.000000,0.001085,0.007404,6.079514
retweets likes,2.000000,0.000542,0.004078,6.079514
retweets reply,4.000000,0.001085,0.007404,5.306324
herbertsnow cityofwspolice,2.000000,0.000542,0.004078,6.079514
herbertsnow sep,2.000000,0.000542,0.004078,6.079514
herbertsnow replying,2.000000,0.000542,0.004078,6.079514
herbertsnow wralsarah,2.000000,0.000542,0.004078,6.079514
someone clown,3.000000,0.000813,0.005787,1.729236
someone hurt,2.000000,0.000542,0.004078,3.910460
someone gonna,2.000000,0.000542,0.004078,4.064611
someone kill,2.000000,0.000542,0.004078,4.064611
head recently,2.000000,0.000542,0.004078,5.856370
know clowns,4.000000,0.001085,0.007404,2.349812
know clown,2.000000,0.000542,0.004078,1.036089
know stories,2.000000,0.000542,0.004078,4.470076
know creepy,2.000000,0.000542,0.004078,2.624249
know man,2.000000,0.000542,0.004078,3.266103
know person,3.000000,0.000813,0.005787,3.671568
know prank,2.000000,0.000542,0.004078,3.959250
know fucking,2.000000,0.000542,0.004078,3.003739
know logic,2.000000,0.000542,0.004078,4.875541
know roaming,2.000000,0.000542,0.004078,4.875541
know neighborhoods,2.000000,0.000542,0.004078,4.470076
know caught,2.000000,0.000542,0.004078,4.875541
fake clown,2.000000,0.000542,0.004078,1.392764
fake video,2.000000,0.000542,0.004078,3.092150
fake months,2.000000,0.000542,0.004078,0.448900
fake everyone,2.000000,0.000542,0.004078,3.440456
fake mean,2.000000,0.000542,0.004078,3.728139
fake rerollffs,2.000000,0.000542,0.004078,4.539069
fake talking,2.000000,0.000542,0.004078,4.539069
fake setup,2.000000,0.000542,0.004078,5.232216
fake reliable,2.000000,0.000542,0.004078,4.826751
fake gun,2.000000,0.000542,0.004078,4.826751
video clown,6.000000,0.001627,0.010446,2.297220
video people,2.000000,0.000542,0.004078,1.924545
video posting,2.000000,0.000542,0.004078,4.632595
video pocket,2.000000,0.000542,0.004078,4.632595
video committing,2.000000,0.000542,0.004078,4.632595
video armed,2.000000,0.000542,0.004078,5.038060
video robberies,2.000000,0.000542,0.004078,5.038060
video sightings,2.000000,0.000542,0.004078,3.246300
video camera,2.000000,0.000542,0.004078,4.632595
video nobody,2.000000,0.000542,0.004078,3.939448
video produced,2.000000,0.000542,0.004078,5.038060
video yesterday,2.000000,0.000542,0.004078,4.632595
video showed,2.000000,0.000542,0.004078,5.038060
video footbridge,2.000000,0.000542,0.004078,5.038060
video chase,2.000000,0.000542,0.004078,4.632595
video reliable,2.000000,0.000542,0.004078,4.632595
video facebook,3.000000,0.000813,0.005787,4.750378
video suspension,2.000000,0.000542,0.004078,5.038060
video bridge,2.000000,0.000542,0.004078,5.038060
video chasing,2.000000,0.000542,0.004078,3.246300
pictures videos,2.000000,0.000542,0.004078,5.856370
pictures twitter,2.000000,0.000542,0.004078,6.261835
creepy clowns,2.000000,0.000542,0.004078,1.707958
creepy viral,2.000000,0.000542,0.004078,4.521369
creepy clown,9.000000,0.002440,0.014680,2.591459
creepy kids,2.000000,0.000542,0.004078,2.441928
creepy months,2.000000,0.000542,0.004078,0.143518
creepy marketing,2.000000,0.000542,0.004078,2.980924
creepy stuff,2.000000,0.000542,0.004078,4.233687
man clown,4.000000,0.001085,0.007404,2.422383
man teen,2.000000,0.000542,0.004078,5.568688
man mask,3.000000,0.000813,0.005787,4.364715
person fake,2.000000,0.000542,0.004078,3.622778
person months,2.000000,0.000542,0.004078,0.785372
person everyone,2.000000,0.000542,0.004078,3.776929
person report,2.000000,0.000542,0.004078,4.875541
person nothing,2.000000,0.000542,0.004078,4.470076
person rerollffs,2.000000,0.000542,0.004078,4.875541
person filmed,2.000000,0.000542,0.004078,5.568688
playing prank,2.000000,0.000542,0.004078,5.856370
reports clowns,2.000000,0.000542,0.004078,2.455173
reports lure,2.000000,0.000542,0.004078,4.064611
reports woods,2.000000,0.000542,0.004078,4.287754
reports children,2.000000,0.000542,0.004078,3.422757
reports happening,2.000000,0.000542,0.004078,5.268584
reports cars,2.000000,0.000542,0.004078,5.674049
scared clowns,2.000000,0.000542,0.004078,2.860638
scared until,2.000000,0.000542,0.004078,5.386367
friends house,2.000000,0.000542,0.004078,3.910460
friends clown,2.000000,0.000542,0.004078,2.085911
friends cords,2.000000,0.000542,0.004078,5.009072
home homework,2.000000,0.000542,0.004078,5.473378
saw clowns,5.000000,0.001356,0.008953,2.678316
saw clown,5.000000,0.001356,0.008953,2.057740
saw lure,2.000000,0.000542,0.004078,3.371464
saw children,3.000000,0.000813,0.005787,3.135075
saw video,2.000000,0.000542,0.004078,2.840835
saw yesterday,2.000000,0.000542,0.004078,4.575436
saw showed,2.000000,0.000542,0.004078,4.980901
saw footbridge,2.000000,0.000542,0.004078,4.980901
saw sign,2.000000,0.000542,0.004078,4.064611
saw outside,2.000000,0.000542,0.004078,4.064611
saw running,2.000000,0.000542,0.004078,3.594607
people young,2.000000,0.000542,0.004078,2.965998
people clowns,9.000000,0.002440,0.014680,2.349812
people joke,2.000000,0.000542,0.004078,4.064611
people lure,4.000000,0.001085,0.007404,3.148320
people woods,4.000000,0.001085,0.007404,3.371464
people children,4.000000,0.001085,0.007404,2.506466
people know,3.000000,0.000813,0.005787,2.167491
people pictures,2.000000,0.000542,0.004078,3.148320
people reports,2.000000,0.000542,0.004078,2.560533
people dressing,2.000000,0.000542,0.004078,3.148320
people months,2.000000,0.000542,0.004078,-0.718706
people videos,2.000000,0.000542,0.004078,3.659146
people dressed,6.000000,0.001627,0.010446,3.553785
people remember,2.000000,0.000542,0.004078,2.811848
people trench,2.000000,0.000542,0.004078,2.455173
people wore,2.000000,0.000542,0.004078,2.811848
people posting,2.000000,0.000542,0.004078,3.659146
people highschool,2.000000,0.000542,0.004078,4.064611
people specialed,2.000000,0.000542,0.004078,4.064611
people creeps,2.000000,0.000542,0.004078,4.064611
people backpacks,2.000000,0.000542,0.004078,3.371464
people twitter,2.000000,0.000542,0.004078,4.064611
people argument,2.000000,0.000542,0.004078,4.064611
people claiming,2.000000,0.000542,0.004078,3.371464
people fun,2.000000,0.000542,0.004078,3.371464
hand downs,2.000000,0.000542,0.004078,6.484979
shoot months,3.000000,0.000813,0.005787,1.883984
shoot point,3.000000,0.000813,0.005787,3.201565
shoot waex,2.000000,0.000542,0.004078,5.856370
crazy clowns,2.000000,0.000542,0.004078,3.959250
dressing clown,2.000000,0.000542,0.004078,2.422383
dressing people,2.000000,0.000542,0.004078,3.148320
dressing funny,2.000000,0.000542,0.004078,5.009072
months comments,4.000000,0.001085,0.007404,0.736582
months young,3.000000,0.000813,0.005787,1.701663
months clowns,12.000000,0.003254,0.018638,0.967693
months good,3.000000,0.000813,0.005787,0.785372
months ok,2.000000,0.000542,0.004078,1.008515
months clown,25.000000,0.006779,0.033853,1.081086
months kids,2.000000,0.000542,0.004078,-0.090097
months children,6.000000,0.001627,0.010446,1.242130
months replies,2.000000,0.000542,0.004078,0.254744
months stories,2.000000,0.000542,0.004078,1.989345
months find,2.000000,0.000542,0.004078,1.142047
months someone,5.000000,0.001356,0.008953,1.296197
months head,3.000000,0.000813,0.005787,1.883984
months know,6.000000,0.001627,0.010446,1.190837
months fake,5.000000,0.001356,0.008953,1.365190
months video,7.000000,0.001898,0.011895,1.507506
months creepy,5.000000,0.001356,0.008953,1.059809
months man,3.000000,0.000813,0.005787,1.190837
months reports,3.000000,0.000813,0.005787,1.296197
months everywhere,2.000000,0.000542,0.004078,1.989345
months saw,4.000000,0.001085,0.007404,0.890732
months people,12.000000,0.003254,0.018638,1.073054
months started,3.000000,0.000813,0.005787,1.547512
months year,5.000000,0.001356,0.008953,1.439298
months knife,2.000000,0.000542,0.004078,0.448900
months dressed,3.000000,0.000813,0.005787,1.190837
months dude,3.000000,0.000813,0.005787,1.547512
months something,3.000000,0.000813,0.005787,1.190837
months point,10.000000,0.002711,0.016026,0.538512
months lol,2.000000,0.000542,0.004078,1.008515
months reddit,2.000000,0.000542,0.004078,1.989345
months halloween,4.000000,0.001085,0.007404,1.583879
months shit,3.000000,0.000813,0.005787,1.547512
months bring,2.000000,0.000542,0.004078,1.478519
months kill,2.000000,0.000542,0.004078,1.296197
months several,3.000000,0.000813,0.005787,1.547512
months school,13.000000,0.003525,0.019909,1.525772
months ban,2.000000,0.000542,0.004078,1.478519
months holy,2.000000,0.000542,0.004078,1.701663
months remember,3.000000,0.000813,0.005787,1.547512
months trench,4.000000,0.001085,0.007404,1.478519
months coats,2.000000,0.000542,0.004078,1.296197
months banned,7.000000,0.001898,0.011895,2.143495
months schools,3.000000,0.000813,0.005787,1.701663
months columbine,3.000000,0.000813,0.005787,1.413980
months coat,3.000000,0.000813,0.005787,1.701663
months wore,4.000000,0.001085,0.007404,1.835194
months load,4.000000,0.001085,0.007404,0.890732
months old,4.000000,0.001085,0.007404,1.701663
months years,2.000000,0.000542,0.004078,0.785372
months fucking,4.000000,0.001085,0.007404,1.216155
months crap,2.000000,0.000542,0.004078,1.701663
months small,2.000000,0.000542,0.004078,1.701663
months funny,4.000000,0.001085,0.007404,1.835194
months werent,2.000000,0.000542,0.004078,1.478519
months deleted,3.000000,0.000813,0.005787,0.854365
months grade,3.000000,0.000813,0.005787,2.394810
months gave,3.000000,0.000813,0.005787,1.547512
months fair,4.000000,0.001085,0.007404,1.478519
months whole,2.000000,0.000542,0.004078,0.890732
months large,2.000000,0.000542,0.004078,1.989345
months seems,3.000000,0.000813,0.005787,1.883984
months everyone,3.000000,0.000813,0.005787,1.008515
months happened,3.000000,0.000813,0.005787,1.296197
months kid,4.000000,0.001085,0.007404,1.701663
months confused,2.000000,0.000542,0.004078,2.394810
months reason,2.000000,0.000542,0.004078,1.142047
months conceal,3.000000,0.000813,0.005787,2.107128
months weapon,7.000000,0.001898,0.011895,2.261278
months bag,3.000000,0.000813,0.005787,2.394810
months carry,2.000000,0.000542,0.004078,1.142047
months late,2.000000,0.000542,0.004078,1.701663
months bus,2.000000,0.000542,0.004078,1.478519
months high,2.000000,0.000542,0.004078,1.142047
months backpack,2.000000,0.000542,0.004078,1.701663
months easier,3.000000,0.000813,0.005787,2.394810
months logic,2.000000,0.000542,0.004078,2.394810
months mafia,3.000000,0.000813,0.005787,1.883984
months given,2.000000,0.000542,0.004078,2.394810
months jersey,2.000000,0.000542,0.004078,1.989345
months youre,4.000000,0.001085,0.007404,1.478519
months trenchcoat,3.000000,0.000813,0.005787,2.800275
months bomb,2.000000,0.000542,0.004078,1.989345
months httpwwwdaytondailynewscomnewsnewscrimelawrobberswearingclownmasksholdupspeedwayindanskfr,3.000000,0.000813,0.005787,2.800275
months httpwwwclickondetroitcomnewsarmedclownrobswalgreensinbrownstowntownship,3.000000,0.000813,0.005787,2.800275
months mean,7.000000,0.001898,0.011895,2.143495
months hoax,4.000000,0.001085,0.007404,1.701663
months source,2.000000,0.000542,0.004078,2.394810
months argument,2.000000,0.000542,0.004078,2.394810
months claiming,2.000000,0.000542,0.004078,1.701663
months hearsay,4.000000,0.001085,0.007404,3.087957
months rumors,4.000000,0.001085,0.007404,3.087957
months child,2.000000,0.000542,0.004078,1.989345
months nope,2.000000,0.000542,0.004078,2.394810
months hysteria,2.000000,0.000542,0.004078,1.701663
months face,2.000000,0.000542,0.004078,1.296197
months paint,2.000000,0.000542,0.004078,1.989345
months mask,4.000000,0.001085,0.007404,1.478519
months coincidental,4.000000,0.001085,0.007404,2.394810
months suddenly,4.000000,0.001085,0.007404,1.989345
months rash,4.000000,0.001085,0.007404,2.394810
months sightings,5.000000,0.001356,0.008953,1.519341
months movie,2.000000,0.000542,0.004078,0.448900
months marketing,4.000000,0.001085,0.007404,1.142047
months stunt,2.000000,0.000542,0.004078,2.394810
months hasnt,2.000000,0.000542,0.004078,2.394810
months blair,2.000000,0.000542,0.004078,2.394810
months witch,2.000000,0.000542,0.004078,2.394810
months recently,2.000000,0.000542,0.004078,1.989345
months talking,4.000000,0.001085,0.007404,2.394810
months dead,2.000000,0.000542,0.004078,1.478519
months street,2.000000,0.000542,0.004078,1.989345
months terrorizing,2.000000,0.000542,0.004078,2.394810
months rob,4.000000,0.001085,0.007404,1.701663
months zombie,2.000000,0.000542,0.004078,1.296197
months film,2.000000,0.000542,0.004078,2.394810
months kind,2.000000,0.000542,0.004078,2.394810
months sucked,2.000000,0.000542,0.004078,2.394810
months movies,2.000000,0.000542,0.004078,1.701663
months except,2.000000,0.000542,0.004078,2.394810
months devils,4.000000,0.001085,0.007404,1.989345
months rejects,4.000000,0.001085,0.007404,1.989345
months hope,2.000000,0.000542,0.004078,1.142047
months exactly,2.000000,0.000542,0.004078,1.989345
months wife,2.000000,0.000542,0.004078,2.394810
months yesterday,2.000000,0.000542,0.004078,1.989345
months showed,2.000000,0.000542,0.004078,2.394810
months theres,3.000000,0.000813,0.005787,1.413980
months facebook,3.000000,0.000813,0.005787,2.107128
months chasing,2.000000,0.000542,0.004078,0.603050
months guys,2.000000,0.000542,0.004078,1.142047
months net,2.000000,0.000542,0.004078,2.394810
months far,2.000000,0.000542,0.004078,1.701663
months pic,2.000000,0.000542,0.004078,2.394810
months problem,3.000000,0.000813,0.005787,2.107128
months threw,2.000000,0.000542,0.004078,2.394810
months oscars,2.000000,0.000542,0.004078,2.394810
months states,3.000000,0.000813,0.005787,1.883984
months found,2.000000,0.000542,0.004078,1.701663
months pretty,2.000000,0.000542,0.004078,1.296197
months tired,2.000000,0.000542,0.004078,1.989345
months running,3.000000,0.000813,0.005787,1.413980
months machete,3.000000,0.000813,0.005787,1.190837
months kanata,2.000000,0.000542,0.004078,1.989345
months spray,3.000000,0.000813,0.005787,1.547512
months bat,3.000000,0.000813,0.005787,1.883984
months bear,3.000000,0.000813,0.005787,2.107128
months wasps,3.000000,0.000813,0.005787,2.800275
months ottawa,5.000000,0.001356,0.008953,2.905635
months specially,2.000000,0.000542,0.004078,2.394810
months brandishing,2.000000,0.000542,0.004078,2.394810
months prop,2.000000,0.000542,0.004078,2.394810
months gun,4.000000,0.001085,0.007404,2.682492
months sick,2.000000,0.000542,0.004078,2.394810
months goddamned,2.000000,0.000542,0.004078,2.394810
months disrupting,2.000000,0.000542,0.004078,2.394810
months wielding,2.000000,0.000542,0.004078,1.989345
months nonviolent,2.000000,0.000542,0.004078,2.394810
months mace,2.000000,0.000542,0.004078,2.394810
started year,3.000000,0.000813,0.005787,4.459026
started bags,2.000000,0.000542,0.004078,5.519898
started marketing,2.000000,0.000542,0.004078,3.979453
year clown,5.000000,0.001356,0.008953,2.383162
year literally,2.000000,0.000542,0.004078,4.390033
year old,3.000000,0.000813,0.005787,4.325495
year nothing,2.000000,0.000542,0.004078,4.207712
year production,4.000000,0.001085,0.007404,4.900859
year begins,4.000000,0.001085,0.007404,5.306324
year based,4.000000,0.001085,0.007404,5.306324
year horror,4.000000,0.001085,0.007404,4.900859
year means,2.000000,0.000542,0.004078,4.613177
videos twitter,2.000000,0.000542,0.004078,6.772661
knife bat,2.000000,0.000542,0.004078,4.315925
dressed clowns,6.000000,0.001627,0.010446,3.448425
dressed clown,4.000000,0.001085,0.007404,2.422383
dressed lure,4.000000,0.001085,0.007404,4.652397
dressed woods,4.000000,0.001085,0.007404,4.875541
dressed children,5.000000,0.001356,0.008953,4.233687
dressed hoax,4.000000,0.001085,0.007404,4.875541
dressed argument,2.000000,0.000542,0.004078,5.568688
gonna clowns,2.000000,0.000542,0.004078,2.860638
allowed clowns,2.000000,0.000542,0.004078,3.042959
allowed hunt,2.000000,0.000542,0.004078,5.345545
allowed age,2.000000,0.000542,0.004078,5.163223
something dicey,2.000000,0.000542,0.004078,5.568688
point clowns,4.000000,0.001085,0.007404,1.186662
point kids,2.000000,0.000542,0.004078,1.227484
point stories,2.000000,0.000542,0.004078,3.306925
point someone,3.000000,0.000813,0.005787,2.102952
point know,2.000000,0.000542,0.004078,1.409805
point fake,3.000000,0.000813,0.005787,2.171945
point people,2.000000,0.000542,0.004078,0.598875
point months,63.000000,0.017082,0.069520,2.379061
point lol,2.000000,0.000542,0.004078,2.326096
point kill,2.000000,0.000542,0.004078,2.613778
point school,2.000000,0.000542,0.004078,0.971550
point trench,3.000000,0.000813,0.005787,2.508417
point coats,2.000000,0.000542,0.004078,2.613778
point banned,3.000000,0.000813,0.005787,2.613778
point wore,2.000000,0.000542,0.004078,2.459627
point fucking,2.000000,0.000542,0.004078,1.840588
point fair,2.000000,0.000542,0.004078,2.102952
point reason,2.000000,0.000542,0.004078,2.459627
point conceal,2.000000,0.000542,0.004078,3.019243
point weapon,3.000000,0.000813,0.005787,2.731561
point mafia,2.000000,0.000542,0.004078,2.796099
point trenchcoat,3.000000,0.000813,0.005787,4.117855
point httpwwwdaytondailynewscomnewsnewscrimelawrobberswearingclownmasksholdupspeedwayindanskfr,3.000000,0.000813,0.005787,4.117855
point httpwwwclickondetroitcomnewsarmedclownrobswalgreensinbrownstowntownship,2.000000,0.000542,0.004078,3.712390
point story,3.000000,0.000813,0.005787,3.424708
point hearsay,2.000000,0.000542,0.004078,3.712390
point rumors,2.000000,0.000542,0.004078,3.712390
point found,2.000000,0.000542,0.004078,3.019243
point running,3.000000,0.000813,0.005787,2.731561
point bear,2.000000,0.000542,0.004078,3.019243
point ottawa,2.000000,0.000542,0.004078,3.306925
lol months,4.000000,0.001085,0.007404,1.701663
lol point,3.000000,0.000813,0.005787,2.731561
lol google,2.000000,0.000542,0.004078,5.791832
reddit night,2.000000,0.000542,0.004078,5.163223
halloween night,2.000000,0.000542,0.004078,4.064611
halloween copycats,2.000000,0.000542,0.004078,5.674049
halloween exist,2.000000,0.000542,0.004078,5.674049
hunt clowns,4.000000,0.001085,0.007404,3.736107
hunt age,2.000000,0.000542,0.004078,5.163223
bring clown,2.000000,0.000542,0.004078,2.422383
kill people,2.000000,0.000542,0.004078,2.965998
several clowns,2.000000,0.000542,0.004078,2.706487
several lure,2.000000,0.000542,0.004078,4.315925
several children,2.000000,0.000542,0.004078,3.674071
several reports,2.000000,0.000542,0.004078,4.421286
several years,2.000000,0.000542,0.004078,4.315925
several cars,2.000000,0.000542,0.004078,5.925363
school clowns,2.000000,0.000542,0.004078,1.218410
school clown,2.000000,0.000542,0.004078,0.597834
school trench,3.000000,0.000813,0.005787,3.233313
school banned,4.000000,0.001085,0.007404,3.626356
school columbine,2.000000,0.000542,0.004078,3.050992
school coat,3.000000,0.000813,0.005787,3.744139
school uniform,4.000000,0.001085,0.007404,5.130433
school old,3.000000,0.000813,0.005787,3.456457
school everyone,2.000000,0.000542,0.004078,2.645527
school lockers,2.000000,0.000542,0.004078,4.437286
school backpack,2.000000,0.000542,0.004078,3.744139
school called,2.000000,0.000542,0.004078,2.827848
holy months,2.000000,0.000542,0.004078,1.701663
holy crap,3.000000,0.000813,0.005787,6.197297
remember night,2.000000,0.000542,0.004078,4.315925
remember id,2.000000,0.000542,0.004078,4.539069
trench point,2.000000,0.000542,0.004078,2.102952
trench school,2.000000,0.000542,0.004078,2.827848
trench coats,5.000000,0.001356,0.008953,5.386367
trench coat,5.000000,0.001356,0.008953,5.386367
trench mafia,4.000000,0.001085,0.007404,5.345545
coats school,3.000000,0.000813,0.005787,3.744139
coats columbine,2.000000,0.000542,0.004078,4.693219
banned people,2.000000,0.000542,0.004078,2.560533
banned schools,2.000000,0.000542,0.004078,4.575436
coat mafia,4.000000,0.001085,0.007404,5.856370
literally nothing,2.000000,0.000542,0.004078,5.163223
literally means,2.000000,0.000542,0.004078,5.568688
wore trench,3.000000,0.000813,0.005787,4.721390
wore coats,3.000000,0.000813,0.005787,5.232216
wore specialed,2.000000,0.000542,0.004078,5.925363
wore creeps,2.000000,0.000542,0.004078,5.925363
bansheeink months,2.000000,0.000542,0.004078,2.394810
load comments,22.000000,0.005965,0.030553,5.027421
load replies,14.000000,0.003796,0.021159,4.786745
load reply,8.000000,0.002169,0.013305,4.495394
load months,14.000000,0.003796,0.021159,2.143495
load coincidental,2.000000,0.000542,0.004078,4.287754
load suddenly,2.000000,0.000542,0.004078,3.882289
load exactly,2.000000,0.000542,0.004078,4.575436
load wife,2.000000,0.000542,0.004078,4.980901
middle night,2.000000,0.000542,0.004078,4.652397
uniform people,2.000000,0.000542,0.004078,4.064611
uniform years,2.000000,0.000542,0.004078,5.568688
old knife,2.000000,0.000542,0.004078,3.845922
years people,2.000000,0.000542,0.004078,2.455173
bobbled_it months,3.000000,0.000813,0.005787,2.394810
fucking clowns,3.000000,0.000813,0.005787,2.492913
fucking clown,2.000000,0.000542,0.004078,1.466872
fucking saw,2.000000,0.000542,0.004078,3.109099
fucking several,2.000000,0.000542,0.004078,4.053561
fucking life,2.000000,0.000542,0.004078,4.390033
fucking sightings,2.000000,0.000542,0.004078,3.514564
fucking popping,3.000000,0.000813,0.005787,5.018642
fucking state,2.000000,0.000542,0.004078,5.306324
crap months,2.000000,0.000542,0.004078,1.701663
boys trench,2.000000,0.000542,0.004078,5.163223
boys coat,2.000000,0.000542,0.004078,5.674049
boys mafia,2.000000,0.000542,0.004078,5.856370
cord shit,2.000000,0.000542,0.004078,5.925363
party played,2.000000,0.000542,0.004078,6.261835
party parents,2.000000,0.000542,0.004078,4.470076
cords completely,2.000000,0.000542,0.004078,5.163223
cords small,2.000000,0.000542,0.004078,5.568688
cords werent,2.000000,0.000542,0.004078,5.345545
cords passed,2.000000,0.000542,0.004078,5.568688
completely known,2.000000,0.000542,0.004078,5.674049
completely hides,3.000000,0.000813,0.005787,6.079514
completely identity,3.000000,0.000813,0.005787,6.079514
completely otherwise,2.000000,0.000542,0.004078,5.674049
completely john,2.000000,0.000542,0.004078,5.674049
funny kids,2.000000,0.000542,0.004078,3.440456
funny knife,2.000000,0.000542,0.004078,3.979453
dick cords,2.000000,0.000542,0.004078,6.261835
missing cords,2.000000,0.000542,0.004078,6.261835
werent until,2.000000,0.000542,0.004078,5.568688
werent carry,2.000000,0.000542,0.004078,5.009072
werent backpacks,2.000000,0.000542,0.004078,5.568688
passed something,2.000000,0.000542,0.004078,4.875541
passed again,2.000000,0.000542,0.004078,5.791832
passed movie,2.000000,0.000542,0.004078,4.539069
passed especially,2.000000,0.000542,0.004078,5.791832
passed dicey,2.000000,0.000542,0.004078,6.484979
fuck months,3.000000,0.000813,0.005787,1.883984
deleted children,3.000000,0.000813,0.005787,3.386389
deleted months,16.000000,0.004338,0.023602,2.528341
deleted point,2.000000,0.000542,0.004078,1.766480
deleted child,2.000000,0.000542,0.004078,4.826751
deleted wasps,2.000000,0.000542,0.004078,5.232216
cherrybombstation months,2.000000,0.000542,0.004078,2.394810
gave rob,2.000000,0.000542,0.004078,4.539069
gave zombie,2.000000,0.000542,0.004078,4.826751
gave hope,2.000000,0.000542,0.004078,4.672600
hot_pepper_is_hot months,3.000000,0.000813,0.005787,2.394810
posting pictures,2.000000,0.000542,0.004078,5.856370
posting videos,2.000000,0.000542,0.004078,6.367196
posting twitter,2.000000,0.000542,0.004078,6.772661
internet people,2.000000,0.000542,0.004078,3.148320
internet bored,2.000000,0.000542,0.004078,6.261835
internet needs,2.000000,0.000542,0.004078,6.261835
internet trolling,2.000000,0.000542,0.004078,6.261835
age video,2.000000,0.000542,0.004078,3.939448
age everyone,2.000000,0.000542,0.004078,4.287754
age pocket,2.000000,0.000542,0.004078,5.674049
age camera,2.000000,0.000542,0.004078,5.674049
age nobody,2.000000,0.000542,0.004078,4.980901
everything day,2.000000,0.000542,0.004078,4.575436
everything id,2.000000,0.000542,0.004078,4.693219
fair clown,3.000000,0.000813,0.005787,2.134701
fair kids,2.000000,0.000542,0.004078,3.083781
fair people,2.000000,0.000542,0.004078,2.455173
fair wore,2.000000,0.000542,0.004078,4.315925
fair fucking,2.000000,0.000542,0.004078,3.696886
fair highschool,2.000000,0.000542,0.004078,5.568688
fair specialed,2.000000,0.000542,0.004078,5.568688
fair creeps,2.000000,0.000542,0.004078,5.568688
fair infringe,2.000000,0.000542,0.004078,5.568688
fair cultural,2.000000,0.000542,0.004078,5.568688
fair expression,2.000000,0.000542,0.004078,4.652397
fair asshole,2.000000,0.000542,0.004078,4.875541
fair lot,2.000000,0.000542,0.004078,4.315925
fair sightings,2.000000,0.000542,0.004078,3.776929
fair popping,2.000000,0.000542,0.004078,4.875541
highschool wore,2.000000,0.000542,0.004078,5.925363
highschool specialed,2.000000,0.000542,0.004078,7.178126
highschool creeps,2.000000,0.000542,0.004078,7.178126
specialed creeps,2.000000,0.000542,0.004078,7.178126
applies else,2.000000,0.000542,0.004078,5.791832
caques months,5.000000,0.001356,0.008953,2.617953
caques point,2.000000,0.000542,0.004078,3.019243
caques logic,2.000000,0.000542,0.004078,6.484979
whole reeks,2.000000,0.000542,0.004078,5.674049
whole tacky,2.000000,0.000542,0.004078,5.674049
whole hollywood,2.000000,0.000542,0.004078,5.674049
whole marketing,2.000000,0.000542,0.004078,3.728139
whole ploy,2.000000,0.000542,0.004078,5.674049
large group,2.000000,0.000542,0.004078,6.772661
wearing coats,2.000000,0.000542,0.004078,4.980901
seems fair,2.000000,0.000542,0.004078,4.652397
seems u,2.000000,0.000542,0.004078,5.568688
seems infringe,2.000000,0.000542,0.004078,6.261835
seems cultural,2.000000,0.000542,0.004078,6.261835
seems expression,2.000000,0.000542,0.004078,5.345545
seems movie,2.000000,0.000542,0.004078,4.315925
seems marketing,2.000000,0.000542,0.004078,4.315925
seems stunt,2.000000,0.000542,0.004078,6.261835
seems hasnt,2.000000,0.000542,0.004078,6.261835
seems entered,2.000000,0.000542,0.004078,6.261835
u fair,2.000000,0.000542,0.004078,4.875541
u infringe,2.000000,0.000542,0.004078,6.484979
u cultural,2.000000,0.000542,0.004078,6.484979
u expression,2.000000,0.000542,0.004078,5.568688
u asshole,2.000000,0.000542,0.004078,5.791832
u states,2.000000,0.000542,0.004078,5.568688
infringe kids,2.000000,0.000542,0.004078,4.693219
infringe cultural,2.000000,0.000542,0.004078,7.178126
infringe expression,2.000000,0.000542,0.004078,6.261835
infringe asshole,2.000000,0.000542,0.004078,6.484979
cultural kids,2.000000,0.000542,0.004078,4.693219
cultural expression,2.000000,0.000542,0.004078,6.261835
cultural asshole,2.000000,0.000542,0.004078,6.484979
expression kids,2.000000,0.000542,0.004078,3.776929
expression asshole,2.000000,0.000542,0.004078,5.568688
expression great,2.000000,0.000542,0.004078,5.345545
expression country,2.000000,0.000542,0.004078,5.568688
asshole kids,3.000000,0.000813,0.005787,4.405537
wasnt plot,2.000000,0.000542,0.004078,5.925363
wasnt cinematography,2.000000,0.000542,0.004078,5.925363
wasnt direction,2.000000,0.000542,0.004078,5.519898
wasnt soundtrack,2.000000,0.000542,0.004078,5.925363
wasnt selection,2.000000,0.000542,0.004078,5.925363
everyone clown,4.000000,0.001085,0.007404,2.240061
everyone video,2.000000,0.000542,0.004078,3.246300
everyone people,2.000000,0.000542,0.004078,2.272851
everyone bags,2.000000,0.000542,0.004078,4.980901
everyone pocket,2.000000,0.000542,0.004078,4.980901
everyone camera,2.000000,0.000542,0.004078,4.980901
everyone nobody,2.000000,0.000542,0.004078,4.287754
everyone produced,2.000000,0.000542,0.004078,5.386367
everyone talking,2.000000,0.000542,0.004078,4.693219
everyone terrorizing,2.000000,0.000542,0.004078,5.386367
happened columbine,2.000000,0.000542,0.004078,4.287754
kid hysteria,2.000000,0.000542,0.004078,5.098685
wear school,2.000000,0.000542,0.004078,3.744139
conceal weapon,3.000000,0.000813,0.005787,5.504150
weapon crime,2.000000,0.000542,0.004078,5.791832
again something,2.000000,0.000542,0.004078,4.875541
again especially,2.000000,0.000542,0.004078,5.791832
again dicey,2.000000,0.000542,0.004078,6.484979
lockers backpacks,2.000000,0.000542,0.004078,6.484979
carry everything,2.000000,0.000542,0.004078,4.826751
carry day,2.000000,0.000542,0.004078,4.421286
carry pepper,2.000000,0.000542,0.004078,5.925363
carry spray,3.000000,0.000813,0.005787,5.078065
bags system,2.000000,0.000542,0.004078,6.772661
bags whole,2.000000,0.000542,0.004078,5.268584
late kid,2.000000,0.000542,0.004078,5.098685
late hysteria,2.000000,0.000542,0.004078,5.791832
bus fake,2.000000,0.000542,0.004078,4.315925
bus person,2.000000,0.000542,0.004078,4.652397
bus months,2.000000,0.000542,0.004078,1.478519
bus rerollffs,2.000000,0.000542,0.004078,5.568688
bus filmed,2.000000,0.000542,0.004078,6.261835
high school,5.000000,0.001356,0.008953,4.100814
high schools,2.000000,0.000542,0.004078,4.826751
high everyone,3.000000,0.000813,0.005787,4.539069
without spooked,2.000000,0.000542,0.004078,6.484979
books used,2.000000,0.000542,0.004078,5.232216
books home,2.000000,0.000542,0.004078,4.780231
minutes left,2.000000,0.000542,0.004078,5.386367
throughout day,2.000000,0.000542,0.004078,5.674049
day video,2.000000,0.000542,0.004078,3.533982
day age,2.000000,0.000542,0.004078,4.575436
day everyone,3.000000,0.000813,0.005787,4.287754
day pocket,2.000000,0.000542,0.004078,5.268584
day camera,2.000000,0.000542,0.004078,5.268584
cases used,2.000000,0.000542,0.004078,5.925363
cases books,2.000000,0.000542,0.004078,6.484979
later house,2.000000,0.000542,0.004078,4.246932
continue months,2.000000,0.000542,0.004078,2.394810
continue thread,2.000000,0.000542,0.004078,7.178126
thread months,2.000000,0.000542,0.004078,2.394810
thread school,2.000000,0.000542,0.004078,4.437286
ive high,2.000000,0.000542,0.004078,5.232216
logic knife,2.000000,0.000542,0.004078,5.232216
logic ban,2.000000,0.000542,0.004078,6.261835
logic pants,2.000000,0.000542,0.004078,6.772661
logic fit,2.000000,0.000542,0.004078,7.178126
pocket clown,2.000000,0.000542,0.004078,2.933209
pocket video,2.000000,0.000542,0.004078,4.632595
pocket sightings,2.000000,0.000542,0.004078,4.980901
pocket nobody,2.000000,0.000542,0.004078,5.674049
pocket produced,2.000000,0.000542,0.004078,6.772661
part trench,2.000000,0.000542,0.004078,5.568688
part coat,2.000000,0.000542,0.004078,6.079514
lot clown,2.000000,0.000542,0.004078,2.085911
lot fucking,2.000000,0.000542,0.004078,4.053561
lot sightings,2.000000,0.000542,0.004078,4.133604
lot popping,2.000000,0.000542,0.004078,5.232216
lot state,2.000000,0.000542,0.004078,5.925363
youre clown,3.000000,0.000813,0.005787,2.134701
youre person,2.000000,0.000542,0.004078,3.959250
youre completely,3.000000,0.000813,0.005787,4.875541
youre bus,2.000000,0.000542,0.004078,4.652397
youre face,3.000000,0.000813,0.005787,4.875541
youre paint,3.000000,0.000813,0.005787,5.568688
youre mask,3.000000,0.000813,0.005787,4.364715
youre talking,2.000000,0.000542,0.004078,4.875541
youre dead,2.000000,0.000542,0.004078,4.652397
youre street,2.000000,0.000542,0.004078,5.163223
bad carry,2.000000,0.000542,0.004078,5.232216
bad cant,2.000000,0.000542,0.004078,5.791832
bad pepper,2.000000,0.000542,0.004078,6.484979
bad spray,2.000000,0.000542,0.004078,5.232216
name see,2.000000,0.000542,0.004078,3.845922
name movie,2.000000,0.000542,0.004078,3.979453
name indie,2.000000,0.000542,0.004078,5.925363
name funding,4.000000,0.001085,0.007404,6.618510
name big,2.000000,0.000542,0.004078,5.009072
known john,2.000000,0.000542,0.004078,6.367196
known wayne,2.000000,0.000542,0.004078,6.772661
known gacy,2.000000,0.000542,0.004078,6.772661
known technique,2.000000,0.000542,0.004078,6.772661
trenchcoat kids,2.000000,0.000542,0.004078,4.693219
bomb threats,2.000000,0.000542,0.004078,6.367196
see clown,4.000000,0.001085,0.007404,1.952379
see creepy,2.000000,0.000542,0.004078,2.847393
see name,4.000000,0.001085,0.007404,4.539069
see funding,2.000000,0.000542,0.004078,5.098685
see big,3.000000,0.000813,0.005787,4.587859
see caliber,2.000000,0.000542,0.004078,5.098685
neo months,2.000000,0.000542,0.004078,2.394810
arent months,2.000000,0.000542,0.004078,2.394810
arent point,2.000000,0.000542,0.004078,3.712390
httpwwwdaytondailynewscomnewsnewscrimelawrobberswearingclownmasksholdupspeedwayindanskfr clowns,2.000000,0.000542,0.004078,3.959250
httpwwwdaytondailynewscomnewsnewscrimelawrobberswearingclownmasksholdupspeedwayindanskfr stories,2.000000,0.000542,0.004078,6.772661
httpwwwdaytondailynewscomnewsnewscrimelawrobberswearingclownmasksholdupspeedwayindanskfr know,2.000000,0.000542,0.004078,4.875541
httpwwwdaytondailynewscomnewsnewscrimelawrobberswearingclownmasksholdupspeedwayindanskfr httpwwwclickondetroitcomnewsarmedclownrobswalgreensinbrownstowntownship,2.000000,0.000542,0.004078,7.178126
httpwwwdaytondailynewscomnewsnewscrimelawrobberswearingclownmasksholdupspeedwayindanskfr roaming,2.000000,0.000542,0.004078,7.178126
httpwwwclickondetroitcomnewsarmedclownrobswalgreensinbrownstowntownship clowns,2.000000,0.000542,0.004078,3.959250
httpwwwclickondetroitcomnewsarmedclownrobswalgreensinbrownstowntownship stories,2.000000,0.000542,0.004078,6.772661
httpwwwclickondetroitcomnewsarmedclownrobswalgreensinbrownstowntownship know,2.000000,0.000542,0.004078,4.875541
httpwwwclickondetroitcomnewsarmedclownrobswalgreensinbrownstowntownship roaming,2.000000,0.000542,0.004078,7.178126
httpwwwclickondetroitcomnewsarmedclownrobswalgreensinbrownstowntownship neighborhoods,2.000000,0.000542,0.004078,6.772661
roaming video,2.000000,0.000542,0.004078,5.038060
roaming neighborhoods,2.000000,0.000542,0.004078,6.772661
roaming caught,2.000000,0.000542,0.004078,7.178126
roaming committing,2.000000,0.000542,0.004078,6.772661
roaming armed,2.000000,0.000542,0.004078,7.178126
neighborhoods video,2.000000,0.000542,0.004078,4.632595
neighborhoods caught,2.000000,0.000542,0.004078,6.772661
neighborhoods committing,2.000000,0.000542,0.004078,6.367196
neighborhoods armed,2.000000,0.000542,0.004078,6.772661
neighborhoods robberies,2.000000,0.000542,0.004078,6.772661
caught video,2.000000,0.000542,0.004078,5.038060
caught people,2.000000,0.000542,0.004078,4.064611
caught committing,2.000000,0.000542,0.004078,6.772661
caught armed,2.000000,0.000542,0.004078,7.178126
caught robberies,2.000000,0.000542,0.004078,7.178126
committing pictures,2.000000,0.000542,0.004078,5.856370
committing people,2.000000,0.000542,0.004078,3.659146
committing posting,2.000000,0.000542,0.004078,6.367196
committing armed,2.000000,0.000542,0.004078,6.772661
committing robberies,2.000000,0.000542,0.004078,6.772661
armed pictures,2.000000,0.000542,0.004078,6.261835
armed people,2.000000,0.000542,0.004078,4.064611
armed videos,2.000000,0.000542,0.004078,6.772661
armed posting,2.000000,0.000542,0.004078,6.772661
armed robberies,2.000000,0.000542,0.004078,7.178126
robberies pictures,2.000000,0.000542,0.004078,6.261835
robberies people,2.000000,0.000542,0.004078,4.064611
robberies videos,2.000000,0.000542,0.004078,6.772661
robberies posting,2.000000,0.000542,0.004078,6.772661
robberies twitter,2.000000,0.000542,0.004078,7.178126
i_scream_ur_comments months,6.000000,0.001627,0.010446,2.800275
i_scream_ur_comments point,2.000000,0.000542,0.004078,3.019243
i_scream_ur_comments mean,2.000000,0.000542,0.004078,4.980901
i_scream_ur_comments hoax,2.000000,0.000542,0.004078,5.098685
i_scream_ur_comments hearsay,2.000000,0.000542,0.004078,6.484979
i_scream_ur_comments rumors,2.000000,0.000542,0.004078,6.484979
mean clown,2.000000,0.000542,0.004078,1.834596
mean video,2.000000,0.000542,0.004078,3.533982
mean hoax,4.000000,0.001085,0.007404,4.980901
mean theres,2.000000,0.000542,0.004078,4.287754
mean facebook,2.000000,0.000542,0.004078,4.980901
mean suspension,2.000000,0.000542,0.004078,5.674049
source clowns,2.000000,0.000542,0.004078,3.959250
source people,2.000000,0.000542,0.004078,4.064611
source dressed,2.000000,0.000542,0.004078,5.568688
source argument,2.000000,0.000542,0.004078,7.178126
whos clowns,2.000000,0.000542,0.004078,3.553785
whos lure,2.000000,0.000542,0.004078,5.163223
whos children,2.000000,0.000542,0.004078,4.521369
whos saw,2.000000,0.000542,0.004078,4.575436
whos claiming,2.000000,0.000542,0.004078,6.079514
claiming clowns,2.000000,0.000542,0.004078,3.266103
claiming lure,2.000000,0.000542,0.004078,4.875541
claiming children,2.000000,0.000542,0.004078,4.233687
claiming reports,2.000000,0.000542,0.004078,4.980901
claiming saw,2.000000,0.000542,0.004078,4.287754
edit lol,2.000000,0.000542,0.004078,5.098685
edit google,2.000000,0.000542,0.004078,6.484979
hearsay rumors,2.000000,0.000542,0.004078,7.178126
report nothing,2.000000,0.000542,0.004078,5.386367
report jimmy,2.000000,0.000542,0.004078,6.484979
report hoffa,2.000000,0.000542,0.004078,6.484979
report assaulted,2.000000,0.000542,0.004078,6.079514
report newspapers,2.000000,0.000542,0.004078,6.484979
jimmy hoffa,2.000000,0.000542,0.004078,7.178126
jimmy assaulted,2.000000,0.000542,0.004078,6.772661
jimmy newspapers,2.000000,0.000542,0.004078,7.178126
hoffa assaulted,2.000000,0.000542,0.004078,6.772661
hoffa newspapers,2.000000,0.000542,0.004078,7.178126
assaulted newspapers,2.000000,0.000542,0.004078,6.772661
manoflabook months,4.000000,0.001085,0.007404,2.394810
manoflabook mean,2.000000,0.000542,0.004078,4.980901
manoflabook hoax,2.000000,0.000542,0.004078,5.098685
asking trouble,2.000000,0.000542,0.004078,6.484979
pewpewlaserpewpew reports,2.000000,0.000542,0.004078,5.268584
pewpewlaserpewpew people,2.000000,0.000542,0.004078,3.659146
pewpewlaserpewpew months,3.000000,0.000813,0.005787,2.394810
pewpewlaserpewpew claiming,2.000000,0.000542,0.004078,6.079514
pewpewlaserpewpew nope,2.000000,0.000542,0.004078,6.772661
nope reports,2.000000,0.000542,0.004078,5.674049
nope people,2.000000,0.000542,0.004078,4.064611
nope claiming,2.000000,0.000542,0.004078,6.484979
throwing false,2.000000,0.000542,0.004078,7.178126
throwing info,2.000000,0.000542,0.004078,7.178126
throwing justify,2.000000,0.000542,0.004078,7.178126
throwing banning,2.000000,0.000542,0.004078,7.178126
throwing freedom,2.000000,0.000542,0.004078,7.178126
false expression,2.000000,0.000542,0.004078,6.261835
false info,2.000000,0.000542,0.004078,7.178126
false justify,2.000000,0.000542,0.004078,7.178126
false banning,2.000000,0.000542,0.004078,7.178126
false freedom,2.000000,0.000542,0.004078,7.178126
info expression,2.000000,0.000542,0.004078,6.261835
info justify,2.000000,0.000542,0.004078,7.178126
info banning,2.000000,0.000542,0.004078,7.178126
info freedom,2.000000,0.000542,0.004078,7.178126
info great,2.000000,0.000542,0.004078,6.261835
justify expression,2.000000,0.000542,0.004078,6.261835
justify banning,2.000000,0.000542,0.004078,7.178126
justify freedom,2.000000,0.000542,0.004078,7.178126
justify great,2.000000,0.000542,0.004078,6.261835
justify country,2.000000,0.000542,0.004078,6.484979
banning expression,2.000000,0.000542,0.004078,6.261835
banning freedom,2.000000,0.000542,0.004078,7.178126
banning great,2.000000,0.000542,0.004078,6.261835
banning country,2.000000,0.000542,0.004078,6.484979
freedom expression,2.000000,0.000542,0.004078,6.261835
freedom great,2.000000,0.000542,0.004078,6.261835
freedom country,2.000000,0.000542,0.004078,6.484979
great country,2.000000,0.000542,0.004078,5.568688
jeffuary months,2.000000,0.000542,0.004078,2.394810
jeffuary kid,2.000000,0.000542,0.004078,5.791832
jeffuary late,2.000000,0.000542,0.004078,6.484979
jeffuary hysteria,2.000000,0.000542,0.004078,6.484979
urban legends,2.000000,0.000542,0.004078,7.178126
bu people,2.000000,0.000542,0.004078,4.064611
bu internet,2.000000,0.000542,0.004078,6.261835
bu bored,2.000000,0.000542,0.004078,7.178126
bu needs,2.000000,0.000542,0.004078,7.178126
bu trolling,2.000000,0.000542,0.004078,7.178126
bored people,2.000000,0.000542,0.004078,4.064611
bored needs,2.000000,0.000542,0.004078,7.178126
bored trolling,2.000000,0.000542,0.004078,7.178126
needs people,2.000000,0.000542,0.004078,4.064611
needs trolling,2.000000,0.000542,0.004078,7.178126
trolling people,2.000000,0.000542,0.004078,4.064611
prncpl_vgna_no_rlatn clown,2.000000,0.000542,0.004078,3.338674
prncpl_vgna_no_rlatn months,2.000000,0.000542,0.004078,2.394810
prncpl_vgna_no_rlatn youre,2.000000,0.000542,0.004078,5.568688
prncpl_vgna_no_rlatn face,2.000000,0.000542,0.004078,6.079514
prncpl_vgna_no_rlatn paint,2.000000,0.000542,0.004078,6.772661
face completely,3.000000,0.000813,0.005787,5.386367
face paint,3.000000,0.000813,0.005787,6.079514
face mask,3.000000,0.000813,0.005787,4.875541
face hides,3.000000,0.000813,0.005787,6.079514
face identity,3.000000,0.000813,0.005787,6.079514
paint completely,3.000000,0.000813,0.005787,6.079514
paint mask,3.000000,0.000813,0.005787,5.568688
paint hides,3.000000,0.000813,0.005787,6.772661
paint identity,3.000000,0.000813,0.005787,6.772661
paint otherwise,2.000000,0.000542,0.004078,6.367196
mask completely,3.000000,0.000813,0.005787,4.875541
mask known,2.000000,0.000542,0.004078,5.163223
mask hides,3.000000,0.000813,0.005787,5.568688
mask identity,3.000000,0.000813,0.005787,5.568688
mask otherwise,2.000000,0.000542,0.004078,5.163223
hides known,2.000000,0.000542,0.004078,6.367196
hides identity,3.000000,0.000813,0.005787,6.772661
hides otherwise,2.000000,0.000542,0.004078,6.367196
hides john,2.000000,0.000542,0.004078,6.367196
hides wayne,2.000000,0.000542,0.004078,6.772661
identity known,2.000000,0.000542,0.004078,6.367196
identity otherwise,2.000000,0.000542,0.004078,6.367196
identity john,2.000000,0.000542,0.004078,6.367196
identity wayne,2.000000,0.000542,0.004078,6.772661
identity gacy,2.000000,0.000542,0.004078,6.772661
otherwise known,2.000000,0.000542,0.004078,6.367196
otherwise john,2.000000,0.000542,0.004078,6.367196
otherwise wayne,2.000000,0.000542,0.004078,6.772661
otherwise gacy,2.000000,0.000542,0.004078,6.772661
otherwise technique,2.000000,0.000542,0.004078,6.772661
john wayne,2.000000,0.000542,0.004078,6.772661
john gacy,2.000000,0.000542,0.004078,6.772661
john technique,2.000000,0.000542,0.004078,6.772661
wayne gacy,2.000000,0.000542,0.004078,7.178126
wayne technique,2.000000,0.000542,0.004078,7.178126
gacy technique,2.000000,0.000542,0.004078,7.178126
coincidental clown,4.000000,0.001085,0.007404,3.338674
coincidental year,4.000000,0.001085,0.007404,5.306324
coincidental suddenly,4.000000,0.001085,0.007404,6.079514
coincidental rash,4.000000,0.001085,0.007404,6.484979
coincidental sightings,4.000000,0.001085,0.007404,5.386367
suddenly clown,4.000000,0.001085,0.007404,2.933209
suddenly year,4.000000,0.001085,0.007404,4.900859
suddenly rash,4.000000,0.001085,0.007404,6.079514
suddenly sightings,4.000000,0.001085,0.007404,4.980901
suddenly production,4.000000,0.001085,0.007404,5.674049
rash clown,4.000000,0.001085,0.007404,3.338674
rash year,4.000000,0.001085,0.007404,5.306324
rash sightings,4.000000,0.001085,0.007404,5.386367
rash production,4.000000,0.001085,0.007404,6.079514
rash begins,4.000000,0.001085,0.007404,6.484979
sightings clowns,2.000000,0.000542,0.004078,2.167491
sightings clown,5.000000,0.001356,0.008953,2.463205
sightings reports,2.000000,0.000542,0.004078,3.882289
sightings year,4.000000,0.001085,0.007404,4.207712
sightings several,2.000000,0.000542,0.004078,4.133604
sightings production,4.000000,0.001085,0.007404,4.980901
sightings begins,4.000000,0.001085,0.007404,5.386367
sightings based,4.000000,0.001085,0.007404,5.386367
sightings popping,2.000000,0.000542,0.004078,4.693219
sightings state,2.000000,0.000542,0.004078,5.386367
production clown,4.000000,0.001085,0.007404,2.933209
production begins,4.000000,0.001085,0.007404,6.079514
production based,4.000000,0.001085,0.007404,6.079514
production horror,4.000000,0.001085,0.007404,5.674049
production movie,4.000000,0.001085,0.007404,4.826751
begins clown,4.000000,0.001085,0.007404,3.338674
begins based,4.000000,0.001085,0.007404,6.484979
begins horror,4.000000,0.001085,0.007404,6.079514
begins movie,4.000000,0.001085,0.007404,5.232216
begins remake,4.000000,0.001085,0.007404,6.484979
based horror,4.000000,0.001085,0.007404,6.079514
based movie,4.000000,0.001085,0.007404,5.232216
based remake,4.000000,0.001085,0.007404,6.484979
horror year,2.000000,0.000542,0.004078,4.207712
horror literally,2.000000,0.000542,0.004078,5.163223
horror nothing,2.000000,0.000542,0.004078,4.980901
horror movie,4.000000,0.001085,0.007404,4.826751
horror remake,4.000000,0.001085,0.007404,6.079514
horror movies,2.000000,0.000542,0.004078,5.386367
horror means,2.000000,0.000542,0.004078,5.386367
movie something,2.000000,0.000542,0.004078,3.622778
movie again,2.000000,0.000542,0.004078,4.539069
movie name,4.000000,0.001085,0.007404,4.672600
movie see,2.000000,0.000542,0.004078,3.152774
movie called,2.000000,0.000542,0.004078,3.622778
movie production,2.000000,0.000542,0.004078,4.133604
movie remake,4.000000,0.001085,0.007404,5.232216
movie marketing,2.000000,0.000542,0.004078,3.286306
movie hasnt,2.000000,0.000542,0.004078,5.232216
movie entered,2.000000,0.000542,0.004078,5.232216
movie funding,2.000000,0.000542,0.004078,5.232216
movie big,2.000000,0.000542,0.004078,4.315925
movie considered,2.000000,0.000542,0.004078,4.826751
movie huge,2.000000,0.000542,0.004078,5.232216
movie success,2.000000,0.000542,0.004078,5.232216
movie especially,2.000000,0.000542,0.004078,4.539069
movie dicey,2.000000,0.000542,0.004078,5.232216
odd video,2.000000,0.000542,0.004078,5.038060
odd age,2.000000,0.000542,0.004078,6.079514
odd everyone,2.000000,0.000542,0.004078,5.386367
odd day,2.000000,0.000542,0.004078,5.674049
odd camera,2.000000,0.000542,0.004078,6.772661
camera clown,2.000000,0.000542,0.004078,2.933209
camera video,2.000000,0.000542,0.004078,4.632595
camera pocket,2.000000,0.000542,0.004078,6.367196
camera nobody,2.000000,0.000542,0.004078,5.674049
camera produced,2.000000,0.000542,0.004078,6.772661
nobody clown,2.000000,0.000542,0.004078,2.240061
nobody video,2.000000,0.000542,0.004078,3.939448
nobody sightings,2.000000,0.000542,0.004078,4.287754
nobody produced,2.000000,0.000542,0.004078,6.079514
produced clown,2.000000,0.000542,0.004078,3.338674
produced video,2.000000,0.000542,0.004078,5.038060
produced sightings,2.000000,0.000542,0.004078,5.386367
reeks tacky,2.000000,0.000542,0.004078,7.178126
reeks hollywood,2.000000,0.000542,0.004078,7.178126
reeks marketing,2.000000,0.000542,0.004078,5.232216
reeks ploy,2.000000,0.000542,0.004078,7.178126
tacky hollywood,2.000000,0.000542,0.004078,7.178126
tacky marketing,2.000000,0.000542,0.004078,5.232216
tacky ploy,2.000000,0.000542,0.004078,7.178126
hollywood marketing,2.000000,0.000542,0.004078,5.232216
hollywood ploy,2.000000,0.000542,0.004078,7.178126
marketing year,2.000000,0.000542,0.004078,3.360414
marketing halloween,2.000000,0.000542,0.004078,3.728139
marketing production,2.000000,0.000542,0.004078,4.133604
marketing movie,2.000000,0.000542,0.004078,3.286306
marketing ploy,2.000000,0.000542,0.004078,5.232216
marketing stunt,2.000000,0.000542,0.004078,5.232216
marketing hasnt,2.000000,0.000542,0.004078,5.232216
marketing entered,2.000000,0.000542,0.004078,5.232216
marketing considered,2.000000,0.000542,0.004078,4.826751
marketing huge,2.000000,0.000542,0.004078,5.232216
marketing success,2.000000,0.000542,0.004078,5.232216
marketing copycats,2.000000,0.000542,0.004078,5.232216
marketing exist,2.000000,0.000542,0.004078,5.232216
operationarrow months,2.000000,0.000542,0.004078,2.394810
operationarrow seems,2.000000,0.000542,0.004078,6.261835
operationarrow movie,2.000000,0.000542,0.004078,5.232216
operationarrow marketing,2.000000,0.000542,0.004078,5.232216
operationarrow stunt,2.000000,0.000542,0.004078,7.178126
stunt production,2.000000,0.000542,0.004078,6.079514
stunt movie,2.000000,0.000542,0.004078,5.232216
stunt hasnt,2.000000,0.000542,0.004078,7.178126
stunt entered,2.000000,0.000542,0.004078,7.178126
hasnt production,2.000000,0.000542,0.004078,6.079514
hasnt entered,2.000000,0.000542,0.004078,7.178126
entered production,2.000000,0.000542,0.004078,6.079514
indie name,2.000000,0.000542,0.004078,5.925363
indie see,2.000000,0.000542,0.004078,5.098685
indie movie,2.000000,0.000542,0.004078,5.232216
indie funding,2.000000,0.000542,0.004078,7.178126
indie big,2.000000,0.000542,0.004078,6.261835
funding name,2.000000,0.000542,0.004078,5.925363
funding big,2.000000,0.000542,0.004078,6.261835
big name,2.000000,0.000542,0.004078,5.009072
rerollffs clown,4.000000,0.001085,0.007404,3.338674
rerollffs months,4.000000,0.001085,0.007404,2.394810
rerollffs started,2.000000,0.000542,0.004078,5.232216
rerollffs everyone,2.000000,0.000542,0.004078,4.693219
rerollffs marketing,2.000000,0.000542,0.004078,4.539069
rerollffs blair,2.000000,0.000542,0.004078,6.484979
rerollffs witch,2.000000,0.000542,0.004078,6.484979
rerollffs talking,2.000000,0.000542,0.004078,5.791832
blair started,2.000000,0.000542,0.004078,5.925363
blair year,2.000000,0.000542,0.004078,5.306324
blair marketing,2.000000,0.000542,0.004078,5.232216
blair witch,2.000000,0.000542,0.004078,7.178126
witch started,2.000000,0.000542,0.004078,5.925363
witch year,2.000000,0.000542,0.004078,5.306324
witch marketing,2.000000,0.000542,0.004078,5.232216
independent movie,2.000000,0.000542,0.004078,5.232216
independent marketing,2.000000,0.000542,0.004078,5.232216
independent considered,2.000000,0.000542,0.004078,6.772661
independent huge,2.000000,0.000542,0.004078,7.178126
independent success,2.000000,0.000542,0.004078,7.178126
considered huge,2.000000,0.000542,0.004078,6.772661
considered success,2.000000,0.000542,0.004078,6.772661
huge success,2.000000,0.000542,0.004078,7.178126
wouldnt good,2.000000,0.000542,0.004078,4.064611
wouldnt something,2.000000,0.000542,0.004078,4.470076
wouldnt passed,2.000000,0.000542,0.004078,5.386367
wouldnt again,2.000000,0.000542,0.004078,5.386367
wouldnt movie,2.000000,0.000542,0.004078,4.133604
wouldnt especially,2.000000,0.000542,0.004078,5.386367
especially something,2.000000,0.000542,0.004078,4.875541
especially dicey,2.000000,0.000542,0.004078,6.484979
freeze marketing,2.000000,0.000542,0.004078,5.232216
freeze studio,2.000000,0.000542,0.004078,7.178126
freeze continuing,2.000000,0.000542,0.004078,7.178126
studio marketing,2.000000,0.000542,0.004078,5.232216
studio continuing,2.000000,0.000542,0.004078,7.178126
continuing marketing,2.000000,0.000542,0.004078,5.232216
ihavefourspades months,2.000000,0.000542,0.004078,2.394810
ihavefourspades youre,2.000000,0.000542,0.004078,5.568688
ihavefourspades talking,2.000000,0.000542,0.004078,6.484979
ihavefourspades dead,2.000000,0.000542,0.004078,6.261835
ihavefourspades street,2.000000,0.000542,0.004078,6.772661
talking clown,4.000000,0.001085,0.007404,3.338674
talking person,2.000000,0.000542,0.004078,4.875541
talking people,2.000000,0.000542,0.004078,3.371464
talking bus,2.000000,0.000542,0.004078,5.568688
talking dead,2.000000,0.000542,0.004078,5.568688
talking street,2.000000,0.000542,0.004078,6.079514
talking filmed,2.000000,0.000542,0.004078,6.484979
talking terrorizing,2.000000,0.000542,0.004078,6.484979
dead fake,2.000000,0.000542,0.004078,4.315925
dead person,2.000000,0.000542,0.004078,4.652397
dead bus,2.000000,0.000542,0.004078,5.345545
dead street,2.000000,0.000542,0.004078,5.856370
dead filmed,2.000000,0.000542,0.004078,6.261835
street fake,2.000000,0.000542,0.004078,4.826751
street person,2.000000,0.000542,0.004078,5.163223
street bus,2.000000,0.000542,0.004078,5.856370
street rerollffs,2.000000,0.000542,0.004078,6.079514
street filmed,2.000000,0.000542,0.004078,6.772661
filmed fake,2.000000,0.000542,0.004078,5.232216
filmed months,2.000000,0.000542,0.004078,2.394810
filmed everyone,2.000000,0.000542,0.004078,5.386367
filmed rerollffs,2.000000,0.000542,0.004078,6.484979
filmed talking,2.000000,0.000542,0.004078,6.484979
terrorizing people,2.000000,0.000542,0.004078,4.064611
copycats exist,2.000000,0.000542,0.004078,7.178126
iamseth months,2.000000,0.000542,0.004078,2.394810
rob clown,2.000000,0.000542,0.004078,1.952379
rob called,2.000000,0.000542,0.004078,4.182394
rob movie,2.000000,0.000542,0.004078,3.845922
rob zombies,2.000000,0.000542,0.004078,5.791832
rob zombie,6.000000,0.001627,0.010446,5.791832
rob film,2.000000,0.000542,0.004078,5.791832
zombies clown,2.000000,0.000542,0.004078,3.338674
zombies called,2.000000,0.000542,0.004078,5.568688
zombies movie,2.000000,0.000542,0.004078,5.232216
saukkomestari comments,2.000000,0.000542,0.004078,4.826751
saukkomestari replies,2.000000,0.000542,0.004078,5.038060
saukkomestari months,2.000000,0.000542,0.004078,2.394810
saukkomestari load,4.000000,0.001085,0.007404,5.674049
zombie film,2.000000,0.000542,0.004078,6.079514
timiscoldinmaine months,4.000000,0.001085,0.007404,2.394810
timiscoldinmaine gave,2.000000,0.000542,0.004078,5.232216
timiscoldinmaine kind,2.000000,0.000542,0.004078,6.484979
timiscoldinmaine sucked,2.000000,0.000542,0.004078,6.484979
timiscoldinmaine devils,2.000000,0.000542,0.004078,5.386367
timiscoldinmaine rejects,2.000000,0.000542,0.004078,5.386367
timiscoldinmaine hope,2.000000,0.000542,0.004078,5.232216
kind sucked,2.000000,0.000542,0.004078,7.178126
disappointment months,2.000000,0.000542,0.004078,2.394810
disappointment abounds,2.000000,0.000542,0.004078,7.178126
disappointment movies,2.000000,0.000542,0.004078,6.484979
disappointment except,2.000000,0.000542,0.004078,7.178126
disappointment devils,2.000000,0.000542,0.004078,6.079514
abounds months,2.000000,0.000542,0.004078,2.394810
abounds movies,2.000000,0.000542,0.004078,6.484979
abounds except,2.000000,0.000542,0.004078,7.178126
abounds devils,2.000000,0.000542,0.004078,6.079514
abounds rejects,2.000000,0.000542,0.004078,6.079514
movies year,2.000000,0.000542,0.004078,4.613177
movies literally,2.000000,0.000542,0.004078,5.568688
movies nothing,2.000000,0.000542,0.004078,5.386367
movies except,2.000000,0.000542,0.004078,6.484979
movies devils,2.000000,0.000542,0.004078,5.386367
movies rejects,2.000000,0.000542,0.004078,5.386367
movies means,2.000000,0.000542,0.004078,5.791832
except devils,2.000000,0.000542,0.004078,6.079514
except rejects,2.000000,0.000542,0.004078,6.079514
devils gave,2.000000,0.000542,0.004078,4.826751
devils rob,2.000000,0.000542,0.004078,4.693219
devils zombie,2.000000,0.000542,0.004078,4.980901
devils rejects,6.000000,0.001627,0.010446,6.079514
devils masterpiece,2.000000,0.000542,0.004078,6.079514
devils hope,2.000000,0.000542,0.004078,4.826751
rejects gave,2.000000,0.000542,0.004078,4.826751
rejects rob,2.000000,0.000542,0.004078,4.693219
rejects zombie,2.000000,0.000542,0.004078,4.980901
rejects masterpiece,2.000000,0.000542,0.004078,6.079514
rejects hope,2.000000,0.000542,0.004078,4.826751
hope see,3.000000,0.000813,0.005787,4.251387
hope rob,2.000000,0.000542,0.004078,4.539069
hope zombie,2.000000,0.000542,0.004078,4.826751
hope caliber,2.000000,0.000542,0.004078,5.925363
plot cinematography,2.000000,0.000542,0.004078,7.178126
plot direction,2.000000,0.000542,0.004078,6.772661
plot soundtrack,2.000000,0.000542,0.004078,7.178126
plot selection,2.000000,0.000542,0.004078,7.178126
plot perfect,2.000000,0.000542,0.004078,7.178126
cinematography direction,2.000000,0.000542,0.004078,6.772661
cinematography soundtrack,2.000000,0.000542,0.004078,7.178126
cinematography selection,2.000000,0.000542,0.004078,7.178126
cinematography perfect,2.000000,0.000542,0.004078,7.178126
direction soundtrack,2.000000,0.000542,0.004078,6.772661
direction selection,2.000000,0.000542,0.004078,6.772661
direction perfect,2.000000,0.000542,0.004078,6.772661
soundtrack selection,2.000000,0.000542,0.004078,7.178126
soundtrack perfect,2.000000,0.000542,0.004078,7.178126
selection perfect,2.000000,0.000542,0.004078,7.178126
exactly wife,2.000000,0.000542,0.004078,6.772661
insanely viral,2.000000,0.000542,0.004078,6.772661
insanely creepy,2.000000,0.000542,0.004078,4.926834
insanely marketing,2.000000,0.000542,0.004078,5.232216
skunkmonkey video,2.000000,0.000542,0.004078,5.038060
skunkmonkey saw,2.000000,0.000542,0.004078,4.980901
skunkmonkey months,2.000000,0.000542,0.004078,2.394810
skunkmonkey yesterday,2.000000,0.000542,0.004078,6.772661
skunkmonkey showed,2.000000,0.000542,0.004078,7.178126
yesterday clown,2.000000,0.000542,0.004078,2.933209
yesterday kids,2.000000,0.000542,0.004078,4.287754
yesterday showed,2.000000,0.000542,0.004078,6.772661
yesterday footbridge,2.000000,0.000542,0.004078,6.772661
yesterday chase,2.000000,0.000542,0.004078,6.367196
showed clown,2.000000,0.000542,0.004078,3.338674
showed kids,2.000000,0.000542,0.004078,4.693219
showed footbridge,2.000000,0.000542,0.004078,7.178126
showed chase,2.000000,0.000542,0.004078,6.772661
footbridge kids,2.000000,0.000542,0.004078,4.693219
footbridge chase,2.000000,0.000542,0.004078,6.772661
chase kids,3.000000,0.000813,0.005787,4.693219
setup video,2.000000,0.000542,0.004078,5.038060
setup reliable,2.000000,0.000542,0.004078,6.772661
record hysteria,2.000000,0.000542,0.004078,6.079514
weepingangeltears video,2.000000,0.000542,0.004078,5.038060
weepingangeltears months,2.000000,0.000542,0.004078,2.394810
weepingangeltears mean,2.000000,0.000542,0.004078,5.674049
weepingangeltears theres,2.000000,0.000542,0.004078,5.791832
weepingangeltears facebook,2.000000,0.000542,0.004078,6.484979
theres clown,5.000000,0.001356,0.008953,2.868670
theres video,2.000000,0.000542,0.004078,3.651766
theres year,3.000000,0.000813,0.005787,4.325495
theres horror,2.000000,0.000542,0.004078,4.693219
theres movies,2.000000,0.000542,0.004078,5.098685
theres facebook,2.000000,0.000542,0.004078,5.098685
theres suspension,2.000000,0.000542,0.004078,5.791832
theres bridge,2.000000,0.000542,0.004078,5.791832
theres five,2.000000,0.000542,0.004078,5.791832
facebook clown,2.000000,0.000542,0.004078,2.645527
facebook suspension,2.000000,0.000542,0.004078,6.484979
facebook bridge,2.000000,0.000542,0.004078,6.484979
facebook chasing,2.000000,0.000542,0.004078,4.693219
facebook guys,2.000000,0.000542,0.004078,5.232216
suspension bridge,2.000000,0.000542,0.004078,7.178126
suspension chasing,2.000000,0.000542,0.004078,5.386367
suspension guys,2.000000,0.000542,0.004078,5.925363
bridge chasing,2.000000,0.000542,0.004078,5.386367
bridge guys,2.000000,0.000542,0.004078,5.925363
chasing kids,4.000000,0.001085,0.007404,3.594607
chasing children,2.000000,0.000542,0.004078,3.135075
chasing knife,4.000000,0.001085,0.007404,4.133604
chasing guys,2.000000,0.000542,0.004078,4.133604
chasing machete,3.000000,0.000813,0.005787,4.182394
five clown,2.000000,0.000542,0.004078,3.338674
five year,2.000000,0.000542,0.004078,5.306324
five literally,2.000000,0.000542,0.004078,6.261835
five horror,2.000000,0.000542,0.004078,6.079514
five movies,2.000000,0.000542,0.004078,6.484979
means nothing,2.000000,0.000542,0.004078,5.386367
grimpler months,3.000000,0.000813,0.005787,2.800275
grimpler point,3.000000,0.000813,0.005787,4.117855
totally understand,3.000000,0.000813,0.005787,6.484979
couple years,2.000000,0.000542,0.004078,4.652397
couple days,2.000000,0.000542,0.004078,5.009072
days without,2.000000,0.000542,0.004078,5.232216
days spooked,2.000000,0.000542,0.004078,5.925363
fear something,3.000000,0.000813,0.005787,5.057863
popping clowns,2.000000,0.000542,0.004078,3.266103
popping lure,2.000000,0.000542,0.004078,4.875541
popping reports,2.000000,0.000542,0.004078,4.980901
popping several,2.000000,0.000542,0.004078,5.232216
popping state,2.000000,0.000542,0.004078,6.484979
state clowns,2.000000,0.000542,0.004078,3.959250
state lure,2.000000,0.000542,0.004078,5.568688
state children,2.000000,0.000542,0.004078,4.926834
state reports,2.000000,0.000542,0.004078,5.674049
state several,2.000000,0.000542,0.004078,5.925363
cars woods,2.000000,0.000542,0.004078,5.791832
cars candy,2.000000,0.000542,0.004078,6.484979
heard stuff,2.000000,0.000542,0.004078,5.386367
banging open,2.000000,0.000542,0.004078,6.772661
banging door,2.000000,0.000542,0.004078,6.079514
open door,2.000000,0.000542,0.004078,5.674049
cant carry,2.000000,0.000542,0.004078,5.232216
cant pepper,2.000000,0.000542,0.004078,6.484979
cant spray,2.000000,0.000542,0.004078,5.232216
d saw,2.000000,0.000542,0.004078,4.980901
states jersey,2.000000,0.000542,0.004078,5.856370
states florida,3.000000,0.000813,0.005787,6.261835
police house,2.000000,0.000542,0.004078,4.064611
police clown,5.000000,0.001356,0.008953,3.156352
justclowningaround months,3.000000,0.000813,0.005787,2.394810
justclowningaround halloween,2.000000,0.000542,0.004078,5.268584
pretty knife,2.000000,0.000542,0.004078,4.133604
tarrem months,2.000000,0.000542,0.004078,2.394810
awkwardtobiass months,2.000000,0.000542,0.004078,2.394810
comment children,2.000000,0.000542,0.004078,4.233687
comment score,2.000000,0.000542,0.004078,6.484979
comment below,2.000000,0.000542,0.004078,6.484979
comment threshold,2.000000,0.000542,0.004078,6.484979
stuff lot,2.000000,0.000542,0.004078,5.232216
id probably,2.000000,0.000542,0.004078,4.182394
id day,2.000000,0.000542,0.004078,4.287754
parents gotten,2.000000,0.000542,0.004078,4.980901
parents dead,2.000000,0.000542,0.004078,4.470076
parents town,2.000000,0.000542,0.004078,4.470076
parents anniversary,2.000000,0.000542,0.004078,5.386367
parents plans,2.000000,0.000542,0.004078,5.386367
parents cancelled,2.000000,0.000542,0.004078,5.386367
sign outside,2.000000,0.000542,0.004078,5.345545
front truck,2.000000,0.000542,0.004078,7.178126
creepier felt,2.000000,0.000542,0.004078,6.772661
henry house,2.000000,0.000542,0.004078,3.291421
henry call,2.000000,0.000542,0.004078,4.053561
henry called,2.000000,0.000542,0.004078,3.696886
henry parents,2.000000,0.000542,0.004078,3.514564
henry asked,2.000000,0.000542,0.004078,4.390033
asked clown,2.000000,0.000542,0.004078,2.422383
plans cancelled,2.000000,0.000542,0.004078,7.178126
soon henry,2.000000,0.000542,0.004078,4.900859
tired clowns,2.000000,0.000542,0.004078,3.553785
tired good,2.000000,0.000542,0.004078,4.757758
tired goddamned,2.000000,0.000542,0.004078,6.772661
tired disrupting,2.000000,0.000542,0.004078,6.772661
tired peace,2.000000,0.000542,0.004078,6.772661
whats asked,2.000000,0.000542,0.004078,6.261835
running car,3.000000,0.000813,0.005787,4.587859
batman clowns,2.000000,0.000542,0.004078,3.553785
batman scare,2.000000,0.000542,0.004078,6.367196
cumbria clown,2.000000,0.000542,0.004078,2.933209
cumbria kids,2.000000,0.000542,0.004078,4.287754
machete fake,2.000000,0.000542,0.004078,3.622778
machete car,2.000000,0.000542,0.004078,3.959250
glen cairn,2.000000,0.000542,0.004078,7.178126
sincerely father,2.000000,0.000542,0.004078,6.772661
vigilante justice,2.000000,0.000542,0.004078,6.772661
pepper spray,2.000000,0.000542,0.004078,5.925363
permalinkembedsaveparentreportreply months,3.000000,0.000813,0.005787,2.800275
permalinkembedsaveparentreportreply deleted,3.000000,0.000813,0.005787,5.637681
sergepowers months,4.000000,0.001085,0.007404,2.394810
bear spray,2.000000,0.000542,0.004078,5.232216
bear mace,2.000000,0.000542,0.004078,6.484979
genericsauceedwards months,2.000000,0.000542,0.004078,2.394810
score children,2.000000,0.000542,0.004078,4.926834
score months,2.000000,0.000542,0.004078,2.394810
score below,2.000000,0.000542,0.004078,7.178126
score threshold,2.000000,0.000542,0.004078,7.178126
below children,2.000000,0.000542,0.004078,4.926834
below months,2.000000,0.000542,0.004078,2.394810
below threshold,2.000000,0.000542,0.004078,7.178126
threshold children,2.000000,0.000542,0.004078,4.926834
threshold months,2.000000,0.000542,0.004078,2.394810
hard without,2.000000,0.000542,0.004078,6.079514
hard days,2.000000,0.000542,0.004078,5.519898
hard working,2.000000,0.000542,0.004078,6.772661
hard folk,2.000000,0.000542,0.004078,6.772661
hard spooked,2.000000,0.000542,0.004078,6.772661
sick clowns,2.000000,0.000542,0.004078,3.959250
sick tired,2.000000,0.000542,0.004078,6.772661
sick goddamned,2.000000,0.000542,0.004078,7.178126
sick disrupting,2.000000,0.000542,0.004078,7.178126
sick peace,2.000000,0.000542,0.004078,7.178126
goddamned clowns,2.000000,0.000542,0.004078,3.959250
goddamned good,2.000000,0.000542,0.004078,5.163223
goddamned hard,2.000000,0.000542,0.004078,6.772661
goddamned disrupting,2.000000,0.000542,0.004078,7.178126
goddamned peace,2.000000,0.000542,0.004078,7.178126
disrupting good,2.000000,0.000542,0.004078,5.163223
disrupting hard,2.000000,0.000542,0.004078,6.772661
disrupting peace,2.000000,0.000542,0.004078,7.178126
disrupting working,2.000000,0.000542,0.004078,7.178126
disrupting folk,2.000000,0.000542,0.004078,7.178126
peace good,2.000000,0.000542,0.004078,5.163223
peace days,2.000000,0.000542,0.004078,5.925363
peace hard,2.000000,0.000542,0.004078,6.772661
peace working,2.000000,0.000542,0.004078,7.178126
peace folk,2.000000,0.000542,0.004078,7.178126
working without,2.000000,0.000542,0.004078,6.484979
working days,2.000000,0.000542,0.004078,5.925363
working folk,2.000000,0.000542,0.004078,7.178126
working spooked,2.000000,0.000542,0.004078,7.178126
folk without,2.000000,0.000542,0.004078,6.484979
folk days,2.000000,0.000542,0.004078,5.925363
folk spooked,2.000000,0.000542,0.004078,7.178126
disturburger months,2.000000,0.000542,0.004078,2.394810
wielding car,2.000000,0.000542,0.004078,5.163223
grimsbeardkanata months,2.000000,0.000542,0.004078,2.394810
grimsbeardkanata ottawa,2.000000,0.000542,0.004078,6.772661
shitheadho months,2.000000,0.000542,0.004078,2.394810
baseball bat,2.000000,0.000542,0.004078,6.261835
waex months,4.000000,0.001085,0.007404,2.682492
waex point,3.000000,0.000813,0.005787,3.712390
nonviolent months,2.000000,0.000542,0.004078,2.394810
nonviolent point,2.000000,0.000542,0.004078,3.712390
nonviolent running,2.000000,0.000542,0.004078,5.791832
advice bring,2.000000,0.000542,0.004078,6.261835
fisher_king_toronto months,2.000000,0.000542,0.004078,2.394810
fisher_king_toronto point,2.000000,0.000542,0.004078,3.712390
